punto_clave_id,descriptor_byte_1,descriptor_byte_2,descriptor_byte_3,descriptor_byte_4,descriptor_byte_5,descriptor_byte_6,descriptor_byte_7,descriptor_byte_8,descriptor_byte_9,descriptor_byte_10,descriptor_byte_11,descriptor_byte_12,descriptor_byte_13,descriptor_byte_14,descriptor_byte_15,descriptor_byte_16,descriptor_byte_17,descriptor_byte_18,descriptor_byte_19,descriptor_byte_20,descriptor_byte_21,descriptor_byte_22,descriptor_byte_23,descriptor_byte_24,descriptor_byte_25,descriptor_byte_26,descriptor_byte_27,descriptor_byte_28,descriptor_byte_29,descriptor_byte_30,descriptor_byte_31,descriptor_byte_32
1,94,35,82,164,19,210,56,99,169,4,202,167,15,206,35,80,182,189,237,161,76,131,134,200,146,229,10,139,35,36,47,87
2,14,64,233,165,134,67,45,159,22,243,70,151,213,39,91,78,91,76,51,175,73,84,223,130,197,7,223,164,191,252,148,240
3,214,94,238,244,34,38,95,190,147,206,150,183,237,255,163,78,87,245,189,194,232,205,162,238,227,246,255,147,166,253,52,123
4,103,106,236,147,236,52,232,142,74,255,28,135,177,44,215,106,205,67,51,213,135,78,239,160,78,15,255,249,141,125,24,220
5,92,86,201,232,190,98,94,158,22,75,223,243,217,255,169,234,91,212,191,176,27,5,77,210,194,231,191,213,183,255,188,19
6,151,76,7,218,5,164,237,102,148,75,211,82,80,202,52,109,233,35,58,142,105,181,16,238,17,190,218,0,153,89,240,32
7,94,90,230,244,99,22,95,156,147,142,86,162,105,247,227,110,119,253,181,218,200,208,170,232,195,255,253,129,38,246,52,123
8,31,5,243,239,210,98,189,15,60,83,91,178,93,127,185,74,55,83,51,189,17,144,27,194,124,47,191,196,189,98,165,240
9,87,28,135,140,186,38,142,170,140,250,154,199,220,102,61,198,215,213,95,231,169,1,25,200,177,54,239,158,156,119,49,49
10,218,219,236,191,170,20,159,189,16,86,212,231,125,47,187,65,95,211,181,231,236,94,125,175,234,99,254,129,55,244,189,89
11,7,151,161,151,149,55,170,155,95,235,31,70,72,236,255,172,221,78,179,189,151,112,189,211,11,94,143,246,159,111,216,116
12,70,90,237,181,108,0,189,158,6,246,6,183,177,15,211,75,71,69,59,151,192,84,215,32,76,3,255,172,148,248,149,88
13,43,202,237,181,172,75,237,135,30,247,22,147,149,44,211,106,79,68,63,29,196,252,229,162,109,15,255,180,180,252,213,120
14,33,192,233,161,196,79,237,159,86,247,82,151,145,13,90,8,89,13,51,157,213,212,117,130,101,15,255,164,180,188,213,248
15,94,88,239,188,3,50,154,154,147,210,148,231,205,238,241,202,127,245,189,199,173,71,190,234,130,103,235,159,191,253,60,85
16,165,177,45,33,188,79,193,152,86,249,53,88,215,24,218,43,137,0,92,123,191,116,125,20,204,139,101,116,252,137,218,129
17,45,68,169,161,180,107,75,158,86,235,94,3,151,61,91,104,95,78,55,29,155,184,101,162,204,207,191,212,180,219,16,201
18,247,149,172,204,173,55,156,169,205,57,153,87,194,120,61,99,204,67,125,37,252,33,123,202,171,24,207,150,216,106,217,87
19,86,23,39,136,141,55,142,201,143,252,153,135,64,236,127,75,253,197,123,247,221,67,63,216,179,16,207,188,157,255,52,84
20,119,161,165,132,143,6,205,41,137,244,139,143,64,110,94,75,252,197,121,183,220,67,255,192,185,16,207,126,173,110,180,86
21,214,149,62,192,190,83,150,233,204,232,145,122,198,252,236,35,206,117,253,99,244,45,10,158,185,90,79,255,84,42,157,39
22,203,129,37,199,15,20,169,181,134,116,135,130,253,7,218,231,70,22,251,207,210,88,255,245,207,115,223,244,38,134,157,104
23,172,218,23,248,44,167,67,248,212,30,80,112,214,211,161,105,204,48,6,106,160,37,42,181,193,154,227,76,18,137,116,161
24,154,215,236,191,202,2,189,191,20,115,20,243,189,47,58,107,70,87,147,197,240,216,117,189,237,131,254,161,181,208,189,217
25,102,201,238,180,236,64,77,5,147,254,150,187,213,172,243,107,75,229,63,159,89,86,230,128,204,50,255,188,4,188,180,113
26,190,106,163,161,149,207,203,214,19,173,150,83,159,141,115,100,253,237,29,221,170,221,160,130,233,92,143,245,135,188,212,224
27,45,137,172,163,60,125,219,154,78,253,28,3,183,44,211,32,195,74,55,93,150,56,109,177,204,79,187,181,212,127,89,201
28,111,25,131,228,205,119,172,107,130,232,136,78,24,182,113,238,200,245,59,251,81,67,146,136,25,216,203,190,11,111,57,180
29,87,149,165,132,143,6,141,105,136,244,137,135,80,46,94,75,108,213,123,165,216,67,223,192,121,0,207,252,157,110,181,112
30,86,30,173,164,158,102,26,250,131,238,154,199,69,111,51,74,245,245,221,183,172,3,153,238,251,118,143,191,172,255,60,87
31,71,114,232,133,206,0,157,141,10,247,128,143,144,14,95,74,93,197,59,215,204,70,247,192,84,6,223,188,149,124,148,94
32,13,198,168,165,212,110,255,151,22,103,94,131,149,44,83,72,121,77,51,157,204,180,229,130,229,39,191,133,180,248,156,200
33,125,157,168,186,189,191,83,155,87,233,29,41,215,124,211,96,217,98,29,127,191,104,121,190,233,221,173,254,148,111,208,103
34,70,243,165,133,138,66,141,189,2,246,130,199,221,7,88,207,71,213,249,245,217,66,247,192,189,2,223,188,4,116,181,112
35,111,90,229,191,76,48,157,158,2,247,16,167,169,44,211,74,77,197,191,149,142,70,239,176,68,102,255,184,190,253,56,223
36,13,61,173,161,180,239,179,150,30,247,94,103,191,60,211,104,135,74,21,93,147,216,113,191,204,223,62,192,156,93,81,249
37,15,200,233,185,142,96,203,142,6,119,76,135,145,47,91,74,75,203,51,221,143,88,255,241,77,47,254,228,181,221,53,248
38,43,145,237,77,221,87,199,255,67,241,188,10,88,61,126,38,73,194,19,248,243,42,125,165,127,15,149,125,255,92,216,254
39,134,153,188,254,190,139,150,41,222,154,145,51,212,121,44,3,199,113,95,115,242,101,75,155,232,27,111,158,220,42,153,3
40,148,200,30,218,60,145,147,192,156,29,117,50,222,83,174,109,202,56,6,90,98,166,42,245,194,185,226,75,18,139,165,165
41,39,14,168,146,181,53,202,146,94,235,31,195,192,236,255,172,217,106,55,159,159,114,236,162,10,95,251,237,149,111,120,212
42,60,216,189,141,23,6,139,216,14,213,148,134,254,101,179,198,111,200,151,93,139,232,121,237,232,135,175,84,191,187,117,249
43,63,88,155,152,165,214,134,216,87,74,148,38,30,220,161,236,217,248,190,67,79,167,59,243,147,183,203,213,158,57,60,117
44,254,120,247,116,43,124,89,144,185,254,182,61,78,159,87,191,167,245,253,211,173,71,186,226,211,251,125,191,162,181,14,119
45,158,90,173,177,134,194,157,150,22,246,22,247,189,111,243,203,79,125,181,215,239,84,207,186,232,67,255,133,189,189,53,89
46,199,1,173,140,140,102,141,137,140,240,131,135,212,110,59,75,236,71,123,231,240,65,27,192,113,2,207,156,148,127,181,114
47,9,204,4,171,173,157,172,158,206,91,184,76,189,2,191,227,201,66,202,92,231,44,87,177,38,89,246,56,154,222,201,28
48,118,7,165,160,159,38,137,11,133,244,138,199,65,46,85,75,237,197,121,181,157,67,113,200,153,0,207,244,189,108,52,116
49,86,30,202,172,178,38,26,186,31,131,138,231,84,127,45,88,247,215,29,163,173,3,25,206,154,182,207,150,188,243,40,19
50,137,179,44,9,122,187,185,91,158,240,28,237,149,205,210,36,31,56,219,61,131,241,111,31,76,5,47,244,94,140,19,241
51,150,180,102,17,195,210,188,103,185,242,182,183,73,30,22,155,39,183,253,181,244,221,21,206,30,10,221,195,103,36,175,215
52,85,68,111,69,54,82,107,120,101,200,223,130,81,31,189,113,126,132,29,238,233,177,37,78,114,47,162,132,47,163,112,112
53,86,23,165,164,143,54,30,105,129,252,155,207,76,108,123,71,237,197,253,167,157,67,189,200,187,96,207,191,191,111,181,84
54,167,76,229,211,108,227,203,130,211,214,16,179,209,108,245,43,201,96,19,159,172,246,110,190,78,30,219,237,149,253,84,196
55,38,254,23,158,95,209,178,224,159,88,209,103,236,220,37,132,206,123,131,67,103,47,74,255,52,22,11,171,95,31,57,159
56,99,232,168,183,164,12,173,158,18,247,22,135,181,45,83,74,69,76,59,149,196,92,239,162,204,7,255,180,132,252,148,90
57,167,204,105,222,236,67,204,204,93,50,80,82,120,25,189,169,219,80,19,123,227,110,92,254,107,30,222,180,21,157,120,138
58,179,189,16,155,149,23,134,239,93,105,157,94,6,48,118,165,248,138,134,107,255,122,121,249,176,208,143,54,91,92,248,157
59,16,135,95,204,246,112,34,254,76,17,254,242,73,231,172,229,127,82,170,168,49,131,35,205,50,231,226,13,177,203,236,176
60,99,145,237,137,206,70,141,175,66,117,128,151,145,44,94,75,75,199,59,253,221,106,247,192,109,11,223,116,61,124,208,82
61,47,142,168,187,188,177,202,154,86,123,156,227,209,236,247,106,205,66,63,159,158,96,111,179,78,95,255,252,156,255,120,85
62,246,135,37,160,143,102,78,233,129,246,139,207,65,110,91,71,205,197,125,231,252,67,253,196,187,64,207,255,165,239,180,84
63,22,148,147,131,146,34,42,41,188,3,11,214,221,102,56,76,119,83,27,187,179,129,28,207,136,54,139,70,140,227,161,36
64,151,253,41,8,186,77,143,232,27,248,144,200,215,220,221,55,159,217,93,119,235,103,255,115,185,16,13,254,221,59,3,245
65,107,176,224,76,105,84,88,159,51,93,116,173,40,223,206,190,220,218,245,156,142,66,242,65,95,125,148,175,130,212,230,255
66,71,32,165,131,173,46,141,9,123,247,139,30,220,44,222,126,151,197,121,61,145,68,255,192,141,62,223,246,132,110,145,116
67,13,30,172,177,180,175,219,146,78,205,24,101,183,60,83,104,221,106,21,21,158,152,97,186,204,223,191,208,148,253,81,75
68,71,193,236,132,206,68,157,173,10,246,130,143,212,44,94,107,75,197,123,231,212,71,247,192,85,34,223,60,5,120,177,82
69,199,1,45,139,140,102,173,201,140,242,147,151,212,126,59,107,253,69,123,247,177,69,63,208,93,2,207,212,149,127,181,114
70,109,45,172,183,188,238,91,154,19,241,30,131,243,109,83,107,65,230,61,95,174,192,205,168,239,93,169,245,166,253,24,66
71,199,3,133,193,143,54,172,219,15,248,148,194,72,39,245,239,108,85,187,255,145,65,195,192,31,24,207,172,159,237,185,53
72,99,240,236,145,236,0,141,158,2,215,128,183,176,14,219,74,79,195,59,221,207,78,223,241,76,7,254,188,157,216,176,88
73,39,149,163,66,253,55,229,223,67,121,189,6,80,252,254,164,217,10,18,61,151,51,56,145,43,94,133,254,223,78,240,247
74,87,194,126,72,242,150,219,248,237,85,123,133,88,78,190,112,183,193,100,126,150,163,47,116,122,46,33,77,213,131,225,71
75,167,104,239,84,76,22,204,104,209,246,148,163,97,204,183,47,92,236,51,239,237,246,102,136,66,26,197,160,103,188,82,204
76,162,126,55,216,44,199,141,246,204,138,152,66,180,157,53,35,205,58,31,25,225,175,98,254,97,26,191,186,21,120,116,171
77,104,61,113,101,82,203,67,94,51,165,104,72,51,215,193,20,26,254,71,72,11,26,248,63,125,140,5,40,115,130,70,249
78,8,105,163,53,165,77,181,23,122,238,116,13,191,173,83,12,138,46,85,13,192,188,240,170,229,93,54,48,198,252,87,251
79,211,205,26,158,50,220,59,52,189,68,206,128,252,214,130,116,38,231,252,204,101,137,178,111,241,53,26,131,32,130,47,93
80,82,94,238,85,10,118,20,50,53,138,199,245,115,55,133,123,116,244,253,160,173,221,231,10,211,239,240,147,41,113,116,63
81,160,150,109,111,93,111,195,62,87,111,249,93,226,45,20,49,89,142,70,44,185,190,121,63,39,126,16,16,121,12,86,122
82,83,254,73,129,114,154,170,254,122,121,90,231,157,14,222,224,55,77,20,253,231,28,173,119,188,45,175,228,45,132,171,221
83,7,92,92,29,122,187,29,67,156,230,77,157,181,198,167,57,7,57,19,44,164,132,116,94,36,10,9,184,148,244,11,244
84,28,70,33,225,149,107,206,206,85,43,152,90,143,13,145,140,121,144,159,57,56,180,65,158,167,215,177,245,247,221,212,32
85,153,216,141,183,174,82,29,181,18,254,86,183,253,31,243,203,79,91,181,215,105,222,107,184,236,195,255,128,54,180,180,249
86,31,140,168,187,180,54,219,130,22,111,221,167,209,108,243,72,221,75,53,159,158,144,109,162,200,79,255,212,156,255,48,83
87,74,219,253,215,234,208,61,189,147,222,86,162,124,247,201,239,103,119,183,200,195,92,239,225,47,251,255,139,54,176,173,125
88,111,62,237,161,188,36,75,154,2,253,30,231,149,37,211,78,69,78,61,221,155,208,237,160,204,117,173,212,174,253,80,89
89,15,143,164,171,180,54,219,137,70,125,159,163,203,108,187,106,221,67,157,149,158,160,109,161,202,127,175,213,150,239,213,69
90,122,50,103,118,57,246,155,116,177,237,181,61,104,61,22,180,220,183,221,165,173,235,240,207,91,95,152,211,207,6,118,127
91,160,214,117,205,110,9,165,254,206,48,184,230,52,28,236,38,78,85,106,97,195,39,119,145,37,8,86,30,85,152,85,185
92,246,94,238,252,56,54,94,190,145,174,156,175,98,239,35,94,221,245,253,231,44,71,144,238,243,54,205,187,158,253,52,95
93,34,200,228,93,77,89,212,174,223,22,180,10,34,24,215,47,73,210,115,74,78,108,103,177,7,26,212,59,119,157,84,206
94,199,65,108,137,141,22,204,141,142,246,129,151,64,14,94,75,237,133,123,183,244,69,127,208,53,2,223,52,29,60,184,86
95,67,16,159,85,179,62,104,23,173,11,102,116,220,51,128,254,39,55,252,156,17,157,145,64,134,191,18,66,170,192,169,53
96,2,141,34,185,21,215,186,231,94,69,88,3,172,156,54,64,248,43,147,149,22,184,18,255,45,84,154,67,21,12,189,222
97,60,84,44,236,52,98,82,26,5,75,221,35,95,127,41,65,89,148,157,163,8,3,73,159,211,231,163,149,182,251,60,35
98,47,12,169,179,164,253,203,130,94,255,28,129,181,108,211,104,217,106,53,29,142,216,239,176,204,95,191,244,148,255,21,193
99,183,252,225,217,157,255,75,154,23,250,148,206,17,92,215,110,93,236,31,95,175,116,253,178,143,92,173,244,191,189,80,116
100,119,25,175,128,141,103,207,201,206,240,137,7,80,124,119,107,200,196,123,255,221,67,63,216,177,24,207,54,157,127,240,86
101,163,64,237,153,206,81,157,140,78,118,144,183,241,28,159,43,203,199,59,247,237,100,127,176,46,11,222,181,53,28,216,220
102,223,92,165,174,43,52,14,140,133,82,152,199,173,78,53,202,230,243,157,207,205,7,26,226,179,120,138,154,31,119,33,22
103,239,210,65,76,105,16,76,185,49,26,229,248,72,19,156,247,77,148,188,170,251,70,235,215,22,122,208,238,31,132,234,37
104,7,64,237,153,206,96,173,142,22,119,6,147,209,60,95,107,107,69,59,159,181,68,255,240,77,43,223,77,181,125,181,250
105,44,86,204,73,236,47,239,154,14,58,189,221,80,97,31,14,29,80,227,110,128,101,91,16,70,15,113,52,219,251,88,144
106,190,106,163,161,181,231,201,199,30,173,158,18,143,173,113,206,193,124,157,17,10,217,193,130,169,213,175,245,134,124,149,96
107,156,15,19,254,197,180,111,117,117,6,91,86,109,227,40,197,108,186,162,138,48,139,26,231,177,229,218,8,50,195,165,168
108,218,211,164,254,161,22,93,61,21,22,135,183,237,127,170,77,87,215,189,174,248,196,107,207,235,242,223,147,54,190,180,123
109,155,193,236,255,142,18,157,189,16,83,212,147,185,47,154,107,79,211,145,207,248,94,95,177,239,235,254,160,53,212,177,184
110,119,129,129,128,207,4,13,233,3,240,137,223,80,38,92,70,125,149,59,189,217,67,243,192,185,0,207,252,61,110,176,112
111,115,122,239,119,24,38,67,16,113,139,226,252,115,63,197,122,84,244,125,144,169,215,197,42,208,174,180,130,169,241,114,51
112,179,149,28,147,180,23,68,229,92,123,145,118,150,50,174,225,253,2,30,39,253,248,93,20,184,131,254,118,152,72,185,149
113,33,180,109,119,94,175,195,190,127,99,251,221,211,61,28,49,27,222,70,37,185,188,125,63,109,14,49,244,109,10,210,243
114,79,149,167,228,205,54,157,59,135,184,159,2,88,255,112,231,205,215,63,161,153,75,107,192,59,88,239,254,151,110,176,37
115,119,145,45,132,143,70,141,41,136,244,139,15,80,60,94,75,200,197,123,229,220,67,247,192,125,2,207,116,13,110,144,82
116,71,13,135,164,184,54,138,138,143,232,154,226,200,174,181,230,221,245,253,231,57,3,75,202,184,54,239,158,156,119,57,20
117,44,75,20,217,236,185,97,138,207,28,20,34,140,193,177,207,75,96,46,90,2,33,106,189,68,155,97,125,150,249,92,161
118,211,205,106,158,18,196,127,166,57,69,206,16,46,214,174,116,162,235,125,206,110,139,183,111,179,52,18,11,0,128,167,126
119,147,217,13,155,133,23,132,237,92,58,144,86,178,16,44,173,201,130,30,233,105,237,89,191,161,130,222,22,25,88,217,12
120,105,196,8,172,108,4,205,190,80,98,158,31,244,33,122,67,91,4,59,45,97,111,217,159,240,39,251,188,30,200,57,26
121,90,20,128,237,125,52,218,127,3,232,92,38,173,59,179,196,92,10,151,169,137,26,195,187,246,245,190,168,190,236,56,203
122,19,150,79,206,94,38,105,122,13,75,221,214,80,103,188,236,127,128,31,172,163,131,61,215,18,174,186,140,191,203,112,116
123,238,214,1,222,205,20,77,189,17,30,213,222,200,103,232,213,93,208,166,174,249,86,250,207,61,54,255,236,18,172,180,116
124,46,31,44,192,237,39,155,114,197,190,156,34,128,121,241,7,205,114,159,163,136,35,98,152,77,85,235,190,151,107,116,163
125,8,192,232,165,133,74,109,151,22,243,70,131,157,53,82,110,83,92,59,157,72,220,213,130,239,103,223,132,182,252,148,122
126,8,192,224,193,149,75,109,151,7,97,78,130,145,53,80,228,121,140,51,153,73,152,85,130,239,15,157,4,183,254,212,186
127,160,91,237,157,14,105,161,17,14,164,82,231,161,141,87,10,108,124,163,81,128,112,199,8,68,0,235,177,213,251,85,248
128,247,145,165,164,205,70,141,41,128,244,138,15,80,188,112,102,232,197,123,237,89,91,243,192,253,32,207,124,5,46,181,114
129,13,88,151,218,37,228,165,214,220,91,214,82,124,242,161,237,233,98,54,202,1,231,42,224,17,62,250,10,154,125,113,45
130,83,193,165,128,206,68,13,175,10,245,138,143,20,46,94,74,100,197,123,245,209,67,247,192,189,32,207,124,132,60,181,114
131,72,82,163,229,180,15,76,151,143,175,154,69,140,173,113,206,205,124,175,29,137,209,241,130,171,213,191,180,134,254,212,121
132,236,131,1,207,141,76,7,57,12,13,229,214,225,103,40,198,76,146,170,74,91,12,235,163,37,160,198,24,18,218,244,112
133,120,21,213,237,156,98,82,158,21,73,250,242,11,55,41,219,120,215,172,224,61,19,65,129,178,231,226,135,187,121,172,19
134,198,141,180,184,188,143,215,185,223,181,1,31,198,121,60,67,211,35,25,61,176,41,90,158,233,30,15,126,148,42,209,34
135,82,43,10,164,18,2,56,71,173,132,202,167,13,142,2,80,102,133,237,133,76,219,133,76,144,36,154,131,36,4,47,94
136,191,222,47,27,40,94,149,240,188,94,214,244,216,52,175,239,197,112,222,102,237,213,121,44,226,99,254,146,90,117,44,125
137,127,209,161,129,205,6,205,125,6,250,146,66,24,157,112,238,249,133,59,191,217,83,243,192,125,8,207,244,151,60,240,114
138,242,209,45,197,143,83,148,239,206,122,146,114,64,60,124,163,233,84,255,97,213,109,67,144,63,3,255,255,85,24,212,159
139,86,28,169,164,184,54,90,154,147,234,154,207,65,111,49,218,221,245,189,245,141,67,152,238,219,119,139,254,156,245,56,23
140,183,151,172,168,189,23,222,57,211,249,145,119,210,248,254,99,221,5,61,61,252,99,249,150,170,221,175,246,156,46,216,87
141,231,149,56,132,174,67,148,57,202,250,147,123,214,248,252,99,223,85,61,33,241,109,137,210,248,10,111,255,92,40,217,19
142,87,13,167,132,173,102,207,138,141,248,154,203,220,252,53,238,205,245,125,239,153,67,9,200,153,22,207,158,148,127,49,113
143,189,23,6,169,180,39,84,123,20,174,221,119,135,9,179,73,220,8,7,45,252,242,65,156,226,203,235,180,190,237,184,131
144,44,7,14,168,188,39,222,123,132,54,93,87,199,97,58,1,93,10,3,47,184,162,72,156,234,211,175,125,150,235,248,128
145,13,10,232,169,180,177,202,138,86,237,24,163,147,108,211,104,221,74,53,221,158,40,239,178,206,77,175,237,180,239,88,64
146,75,224,233,165,204,64,173,141,2,247,130,139,145,39,91,74,73,196,59,253,73,82,215,0,85,2,223,180,53,56,144,122
147,105,104,233,181,236,96,233,142,66,247,24,131,177,44,211,106,75,79,51,213,134,88,231,32,76,79,254,165,165,221,93,202
148,28,208,168,165,143,66,245,141,22,243,70,19,213,61,90,74,121,92,59,155,72,84,219,128,205,103,255,165,191,124,148,250
149,12,91,141,141,190,235,149,23,134,229,156,231,214,101,161,10,79,112,139,20,137,160,83,138,236,7,175,21,245,250,149,112
150,13,74,138,190,245,164,106,146,183,9,78,69,232,227,123,200,213,234,38,220,143,144,2,160,202,255,186,192,138,255,56,19
151,31,0,211,218,215,102,171,72,22,211,75,2,92,247,121,238,115,217,51,153,19,81,63,192,25,46,207,68,183,99,33,34
152,44,215,214,233,191,114,74,158,197,17,254,242,201,38,169,111,79,212,174,240,159,3,117,196,106,255,238,196,191,249,109,29
153,44,46,158,169,236,47,208,90,132,190,28,103,151,233,51,11,201,40,3,61,48,178,64,158,204,207,107,53,158,233,89,131
154,87,145,165,128,205,71,141,201,142,242,131,11,84,188,122,106,217,197,59,255,81,67,251,208,217,2,207,60,28,126,181,114
155,163,92,101,204,13,217,180,239,205,210,156,2,225,84,167,38,73,32,202,42,101,37,118,190,39,94,215,59,22,124,92,254
156,98,200,236,190,40,6,92,157,19,130,132,129,227,111,83,74,221,245,61,133,108,68,219,234,194,254,221,154,188,248,24,26
157,71,76,39,140,173,103,143,170,141,218,154,67,220,252,53,206,205,117,127,231,137,3,11,232,161,22,207,158,148,127,49,119
158,29,15,236,183,22,174,251,150,78,165,10,131,255,173,83,66,166,111,57,93,134,216,21,168,207,109,143,48,164,255,17,74
159,35,209,232,193,135,23,109,7,15,167,151,22,0,19,244,110,105,140,59,152,81,156,117,192,47,14,159,246,181,186,216,164
160,118,196,56,128,238,11,150,107,90,162,157,58,214,249,120,66,219,85,63,51,112,39,136,210,248,6,111,254,28,106,153,3
161,118,92,200,244,40,38,94,158,19,130,142,135,113,123,97,72,87,245,61,158,8,7,208,250,250,254,157,154,188,241,48,26
162,175,149,183,200,189,23,148,173,206,121,185,114,216,248,188,162,217,18,31,57,243,43,74,151,43,89,175,254,221,110,208,135
163,183,125,41,37,10,79,143,234,26,226,152,8,159,20,209,35,174,253,93,119,233,103,253,62,185,193,45,180,69,121,3,160
164,243,145,165,132,207,70,13,47,130,244,138,31,80,54,84,70,232,133,123,173,89,91,243,192,189,0,207,116,5,44,148,114
165,65,92,25,188,109,253,180,190,207,216,28,104,182,240,227,238,192,34,62,12,133,40,162,185,134,217,103,171,154,120,25,205
166,145,31,47,99,58,143,248,124,22,249,83,247,83,13,144,41,164,30,123,127,241,248,77,60,238,74,113,208,126,141,144,217
167,76,74,194,154,109,180,111,150,135,5,76,133,168,195,123,78,69,74,43,222,2,2,210,224,70,61,150,40,158,221,120,216
168,2,141,34,169,85,209,178,103,94,5,88,3,172,152,54,64,216,43,147,145,86,184,16,255,45,20,154,107,85,14,189,206
169,116,92,92,232,126,35,86,155,151,26,252,182,82,115,167,88,83,144,183,34,40,7,72,159,82,231,225,151,190,251,104,19
170,198,29,188,248,190,171,150,161,206,168,153,54,214,120,37,34,151,115,93,115,180,41,90,158,232,31,47,254,220,107,217,3
171,44,78,21,219,45,249,135,138,207,62,156,162,172,97,177,239,73,114,206,106,66,33,107,189,36,18,207,187,150,251,85,44
172,114,88,172,254,32,134,93,156,19,130,130,133,247,255,113,72,213,253,61,132,72,204,210,232,194,182,221,154,60,248,16,26
173,237,49,243,76,106,52,27,89,114,82,201,88,89,210,248,122,214,77,123,174,151,71,255,19,87,109,163,174,26,247,162,229
174,231,149,60,172,188,7,148,189,204,185,144,127,212,120,190,67,217,85,125,33,244,109,89,215,232,27,239,222,93,40,217,3
175,27,196,80,169,47,117,93,239,7,86,220,2,239,244,123,101,223,139,190,45,78,32,99,145,163,221,68,63,54,222,24,109
176,125,71,110,69,86,114,235,120,96,232,255,34,89,59,159,115,126,196,53,238,169,179,37,140,119,235,226,132,39,179,112,97
177,31,133,99,152,215,242,171,113,221,69,223,231,73,238,190,228,126,171,191,173,149,155,60,223,60,46,139,196,63,174,177,212
178,254,124,251,112,235,124,89,210,171,254,188,61,14,191,71,63,167,213,253,19,141,71,178,192,211,91,93,191,195,117,14,119
179,215,209,175,132,141,70,133,109,206,250,131,11,80,60,118,107,232,197,123,247,209,67,251,192,57,2,207,254,133,124,181,114
180,27,135,100,239,159,22,77,191,23,61,31,130,89,39,26,231,111,215,181,173,248,90,111,245,239,235,222,196,55,198,180,232
181,87,25,129,197,141,22,173,113,6,186,134,66,16,182,113,238,108,124,59,206,89,90,243,192,153,74,207,174,18,44,177,244
182,24,195,132,233,132,2,76,191,23,63,86,147,73,35,186,79,121,198,45,184,122,88,11,145,234,227,246,197,54,208,164,9
183,70,25,39,136,205,36,140,43,137,254,137,207,76,174,117,207,205,213,251,231,217,67,155,208,153,16,207,190,154,111,180,118
184,215,145,200,132,234,32,31,249,139,240,157,239,93,238,233,114,119,215,253,231,153,67,142,208,248,1,239,252,189,231,168,113
185,173,155,171,26,240,213,183,244,52,77,244,229,152,246,226,160,221,104,134,68,253,10,116,58,126,5,166,232,218,164,46,249
186,111,161,165,129,205,126,237,11,43,243,139,152,204,126,92,190,147,199,249,189,17,67,255,192,157,94,223,126,134,101,151,116
187,218,131,229,223,143,84,92,189,23,146,71,194,233,103,88,239,71,215,189,142,74,88,239,225,199,250,223,131,54,150,180,44
188,38,24,248,223,142,55,21,19,23,134,132,38,228,19,161,236,71,122,187,10,192,140,123,186,7,255,209,18,190,249,52,45
189,246,149,56,248,190,139,214,41,219,170,145,58,214,249,120,97,215,21,61,51,248,111,152,150,248,154,69,126,28,40,216,3
190,12,13,21,217,236,107,39,186,140,154,28,32,220,247,161,239,66,114,42,106,1,97,107,184,69,154,227,28,146,251,21,161
191,230,94,187,218,188,215,90,21,159,237,151,240,194,167,165,236,205,180,175,16,185,15,120,158,187,245,135,211,150,186,156,53
192,157,29,253,177,182,219,179,242,95,233,30,170,191,61,179,101,39,115,157,81,179,120,60,254,239,223,47,242,190,173,5,115
193,223,29,164,177,191,143,90,26,223,244,2,15,223,248,115,107,166,101,61,117,188,232,23,188,232,91,13,82,190,45,17,71
194,28,72,237,177,6,121,248,142,86,247,26,131,209,44,91,106,91,76,55,149,142,240,239,178,205,71,255,181,181,121,84,234
195,52,15,229,235,148,43,203,154,95,55,24,67,227,41,85,72,217,66,13,91,154,184,77,177,205,214,139,84,245,251,85,32
196,61,214,214,232,181,118,65,222,69,89,252,230,89,98,170,108,125,210,166,184,155,163,51,149,242,230,162,76,187,249,232,21
197,154,230,163,242,53,215,73,212,21,175,150,82,138,141,248,237,253,252,157,217,234,213,160,142,185,87,159,241,6,156,212,105
198,8,226,174,167,149,78,255,215,134,173,30,3,29,173,114,66,97,108,31,157,198,249,161,128,237,103,189,133,166,126,212,107
199,151,88,101,216,174,135,203,216,23,82,213,214,81,205,185,141,127,168,23,255,185,39,58,254,144,202,235,252,63,169,112,244
200,3,8,70,21,48,154,168,23,253,73,82,244,173,170,182,228,166,47,190,141,133,152,6,207,6,126,250,130,14,132,169,29
201,45,92,212,136,215,183,20,23,71,115,238,71,75,59,39,216,71,165,130,20,141,178,85,144,62,239,21,86,187,252,168,22
202,255,15,131,198,237,20,204,97,137,168,159,74,12,186,244,230,200,172,63,29,89,27,224,138,185,89,175,250,134,46,249,37
203,99,76,200,190,60,112,78,142,154,194,152,74,245,122,49,106,209,227,63,129,45,10,82,234,184,39,191,153,156,121,88,10
204,68,11,61,216,172,185,175,154,141,150,28,2,164,225,225,239,66,98,170,74,0,32,98,248,134,208,195,27,150,249,21,108
205,234,222,181,207,47,69,149,238,207,186,152,98,60,188,228,230,201,87,255,65,195,47,203,177,61,48,254,190,87,122,116,47
206,4,27,190,217,236,23,116,25,223,190,86,38,76,227,231,76,199,108,171,78,208,17,42,208,66,190,213,15,146,249,244,103
207,169,165,212,201,255,114,165,206,138,117,13,178,156,243,234,71,83,78,130,60,34,3,168,217,108,24,207,175,158,254,249,233
208,102,140,210,132,231,75,167,99,139,167,25,42,92,241,246,70,51,237,19,43,81,35,128,222,24,22,15,254,158,108,145,165
209,38,24,241,208,231,155,184,35,219,166,0,14,44,217,117,204,179,121,51,17,80,124,18,252,31,30,93,114,182,45,81,164
210,88,217,130,197,167,18,117,181,7,170,214,38,8,177,226,206,89,124,191,137,88,28,209,192,238,101,245,167,62,188,188,163
211,44,27,28,219,173,55,148,123,15,156,221,103,204,187,103,205,206,51,171,66,148,40,75,216,79,219,207,31,150,235,29,131
212,61,90,220,200,255,51,84,19,135,35,190,231,78,179,35,92,79,188,190,16,28,163,65,146,98,247,37,215,191,252,168,19
213,239,15,131,172,237,116,76,35,136,200,24,104,140,182,241,230,192,103,63,73,17,11,226,138,153,113,239,186,148,108,53,37
214,194,151,39,200,188,80,64,191,135,157,158,242,201,231,232,231,89,212,175,168,120,11,175,215,122,113,239,205,150,160,181,101
215,210,9,246,182,23,137,105,136,223,180,18,15,111,233,113,75,50,231,61,85,42,233,22,236,152,202,79,144,189,45,17,74
216,38,82,222,201,254,18,84,23,135,183,254,167,64,51,167,90,75,244,175,144,8,147,65,208,122,175,180,215,159,248,248,11
217,31,133,99,136,215,243,170,99,221,65,223,231,73,238,182,228,123,175,183,189,157,155,44,222,26,110,139,197,191,143,249,244
218,214,153,119,176,151,143,201,32,223,164,18,30,15,201,112,205,50,45,29,125,178,237,20,156,153,90,69,114,182,13,17,102
219,58,218,149,229,47,75,165,175,78,50,90,98,234,28,196,167,201,84,166,67,73,124,107,145,133,210,223,22,87,60,85,189
220,202,139,45,199,204,84,110,185,7,61,23,82,72,39,220,231,96,86,171,218,80,88,235,245,127,121,231,197,50,131,252,44
221,99,68,129,142,44,113,206,174,143,194,154,10,244,122,189,226,209,99,61,1,77,5,74,235,176,23,159,155,156,122,25,12
222,247,185,131,132,205,68,13,99,128,232,138,74,20,183,112,230,232,188,59,173,89,31,240,194,189,0,143,254,10,46,176,52
223,107,212,224,205,109,62,103,191,11,126,92,39,200,231,238,70,81,14,135,44,192,16,248,219,102,126,151,174,58,254,80,255
224,183,153,132,183,133,7,69,177,23,61,19,23,66,121,120,15,233,198,55,195,92,248,89,160,207,218,213,86,58,42,144,2
225,55,72,203,200,172,179,207,91,151,98,157,230,81,196,181,108,91,160,62,190,153,167,110,146,16,206,239,212,157,249,240,117
226,12,27,252,217,174,153,53,155,207,22,116,38,204,225,227,76,199,96,170,78,208,36,43,208,70,223,81,15,150,249,205,225
227,75,125,183,134,63,126,113,148,143,245,158,39,238,61,233,198,166,71,255,93,131,233,187,232,187,89,15,146,142,30,21,123
228,41,208,149,151,15,89,180,45,222,115,19,186,225,84,174,232,89,16,138,34,101,52,125,159,118,199,247,55,30,62,221,95
229,87,88,152,190,37,52,66,138,87,89,218,70,102,114,227,236,241,201,188,213,143,130,107,160,154,247,222,138,184,115,56,29
230,45,20,212,136,123,50,82,218,199,83,109,119,78,115,42,220,247,68,166,32,149,163,25,144,50,255,1,71,250,255,232,23
231,28,214,81,168,18,115,18,222,21,67,203,230,79,55,168,228,87,149,140,32,61,178,93,156,146,247,1,87,190,251,172,53
232,177,153,28,147,166,95,20,229,92,251,151,118,86,56,166,41,221,135,30,99,253,252,105,52,184,131,127,247,24,8,152,95
233,28,214,21,168,47,115,86,250,23,35,201,230,79,121,32,204,223,145,142,34,29,183,89,158,146,215,81,87,254,249,168,23
234,231,193,136,159,141,156,196,173,207,83,133,23,228,232,62,198,200,2,170,15,87,36,95,211,166,57,198,91,30,30,216,20
235,2,132,10,185,116,229,186,103,30,5,92,19,181,223,34,64,217,59,147,17,22,152,80,151,111,7,186,67,20,8,189,202
236,101,196,12,131,172,249,68,166,204,114,154,42,214,48,233,234,201,146,110,19,77,36,79,54,164,135,254,57,156,90,152,28
237,228,142,137,218,228,88,76,233,24,127,69,250,80,38,238,121,221,220,134,134,125,94,232,167,191,167,254,237,16,168,156,245
238,239,29,131,128,237,36,204,99,138,232,154,74,28,188,113,231,192,103,63,61,217,11,226,202,185,80,239,190,148,110,176,101
239,218,120,136,197,150,154,143,5,22,160,150,182,163,133,193,204,124,188,169,216,73,180,213,202,229,5,143,176,159,188,157,48
240,246,159,79,193,252,115,106,178,21,253,182,247,3,13,244,199,109,214,175,244,189,251,37,164,30,201,181,198,175,141,92,117
241,10,206,21,195,45,249,164,166,204,50,30,162,232,100,237,239,67,82,170,106,71,37,47,253,38,83,198,23,22,222,93,44
242,115,243,233,165,166,22,236,87,18,233,22,255,17,141,208,226,126,221,181,141,221,90,213,128,190,77,175,244,45,188,152,249
243,199,132,16,144,191,11,153,41,219,176,151,31,206,105,122,71,211,37,59,45,112,109,156,222,248,26,79,126,94,44,153,0
244,174,139,45,217,36,166,233,178,142,252,82,103,248,14,229,75,205,100,55,220,153,88,99,253,206,186,235,196,16,169,84,121
245,40,90,245,221,47,121,133,146,78,246,20,162,160,53,193,174,74,112,162,67,1,112,103,176,4,146,223,51,55,121,84,186
246,77,72,154,173,44,0,78,158,135,85,78,5,167,195,123,78,192,72,42,94,78,0,211,160,198,249,214,8,154,255,120,88
247,102,87,159,248,252,102,92,150,133,249,250,108,65,39,165,219,205,246,166,176,173,219,64,156,58,242,245,199,154,248,216,29
248,26,208,202,231,21,74,118,135,135,161,31,51,25,185,208,70,35,252,191,153,72,152,137,128,110,239,180,133,174,222,220,10
249,50,246,107,208,116,215,93,119,29,207,215,30,102,205,252,104,247,184,159,59,235,215,48,206,187,151,157,131,36,152,252,125
250,63,144,224,200,77,87,113,249,23,96,21,15,75,245,250,228,121,128,179,46,81,39,56,149,95,223,197,111,54,172,92,246
251,77,90,152,168,45,52,210,218,70,216,156,103,188,154,227,234,205,75,190,223,207,3,195,161,154,249,175,170,154,125,56,15
252,4,27,92,217,236,189,119,152,207,22,100,36,172,193,231,204,7,106,162,78,128,52,59,241,6,27,81,43,18,249,77,229
253,103,13,139,164,252,101,74,34,137,232,152,75,52,188,113,242,196,229,63,53,185,11,130,138,185,28,173,186,144,105,48,105
254,238,56,191,208,235,252,185,71,187,255,180,61,140,190,71,27,167,55,249,145,166,79,178,192,95,81,95,191,194,116,7,255
255,190,123,145,221,158,203,129,1,31,164,85,166,167,133,197,204,78,56,162,17,11,124,247,138,173,196,159,58,247,188,149,252
256,223,124,252,113,166,126,127,178,105,254,182,189,219,63,215,123,39,213,253,255,236,84,189,224,207,251,229,213,167,245,70,115
257,44,6,150,161,189,39,81,115,133,174,29,103,143,41,179,142,201,36,135,60,24,185,65,140,234,215,101,21,178,239,84,195
258,94,24,182,180,199,201,241,43,95,254,18,43,110,120,55,77,179,225,55,17,80,124,2,252,152,22,95,195,63,44,29,31
259,104,196,128,204,77,36,71,158,130,78,76,14,232,227,123,70,81,200,162,46,66,6,250,195,118,60,134,44,58,126,112,250
260,211,1,118,176,223,137,89,40,207,180,2,15,111,201,113,79,34,165,57,117,16,233,23,220,142,90,93,90,174,172,16,10
261,12,147,154,213,175,23,85,53,7,174,87,34,12,179,224,238,84,124,166,72,80,216,163,128,107,219,85,199,50,170,252,35
262,105,214,19,164,110,99,148,255,74,43,24,234,28,185,104,196,215,29,150,35,101,51,136,159,116,37,37,191,22,234,25,139
263,71,27,144,216,173,29,7,153,207,158,84,100,140,243,229,236,198,106,46,74,208,0,170,176,130,252,71,190,146,123,81,37
264,73,109,202,168,101,32,106,154,7,196,76,133,163,195,115,82,64,74,36,94,79,18,210,161,206,253,166,41,186,245,120,216
265,70,27,248,220,236,121,165,154,207,156,92,166,160,226,231,110,66,122,42,74,144,40,238,176,14,144,195,59,148,251,93,229
266,205,205,216,186,175,136,87,169,136,22,21,23,207,225,106,71,99,96,46,110,112,37,218,163,252,161,103,125,30,190,153,82
267,246,27,72,162,196,99,20,230,17,123,242,251,3,38,39,121,253,223,132,241,61,26,72,180,221,162,250,247,145,121,30,157
268,60,80,241,232,207,114,85,219,87,47,95,50,94,243,161,252,81,156,182,16,8,147,121,146,83,239,229,199,178,252,244,115
269,21,149,142,161,164,47,81,123,85,245,91,21,151,40,34,3,205,70,36,61,189,248,113,140,200,210,69,86,136,237,208,84
270,111,139,94,249,236,86,124,164,9,112,102,193,73,47,39,219,205,86,160,208,29,218,202,160,14,243,214,71,154,185,120,155
271,10,99,229,215,93,217,120,132,207,249,30,66,237,205,89,239,34,106,155,89,130,240,15,201,47,89,141,161,166,158,89,9
272,72,131,228,231,45,2,93,189,7,61,23,35,73,35,216,71,66,206,175,202,88,88,203,177,78,250,213,197,55,142,212,10
273,254,27,7,144,245,159,81,48,155,236,6,207,110,109,103,219,164,228,173,116,190,89,48,252,223,210,133,115,146,13,84,86
274,205,18,74,165,114,2,170,81,56,202,83,231,221,66,147,200,118,37,183,167,165,150,132,78,212,39,235,132,45,166,59,209
275,124,154,8,217,68,220,96,225,26,124,100,79,0,102,102,89,253,253,162,23,213,94,250,245,93,35,255,101,16,40,28,242
276,55,7,107,136,214,243,234,98,213,65,222,231,65,238,190,100,122,171,23,253,157,147,36,222,58,126,139,195,181,203,121,212
277,146,206,30,189,15,146,156,39,156,22,214,19,237,10,38,201,232,51,155,227,108,205,3,189,163,243,218,19,20,28,189,14
278,175,137,62,146,241,219,57,224,89,120,118,138,126,54,167,125,233,95,182,80,53,218,44,188,138,243,254,227,144,141,12,253
279,91,29,119,76,115,210,190,103,237,64,90,230,60,190,180,228,38,119,179,201,145,153,52,237,54,46,10,130,47,38,33,253
280,114,18,205,213,95,188,104,16,139,185,18,78,96,73,85,203,160,160,35,29,7,208,19,205,15,8,193,3,173,8,88,154
281,210,27,248,206,142,125,27,110,79,132,77,142,173,166,103,102,226,82,42,8,144,42,183,234,155,212,66,59,148,235,69,188
282,73,70,147,132,79,121,166,175,206,111,30,234,237,228,171,230,51,16,170,32,69,33,46,155,183,199,47,45,182,126,29,29
283,107,150,145,207,111,49,149,110,79,170,157,106,44,188,236,230,207,23,186,1,198,43,235,209,53,117,154,187,23,78,29,45
284,246,155,77,251,244,214,72,160,7,57,114,238,66,46,161,251,205,214,166,208,63,90,105,188,156,178,196,199,144,137,92,21
285,11,165,212,200,127,114,189,239,139,247,12,50,141,163,230,71,99,14,18,44,97,27,172,200,178,92,7,63,150,252,121,237
286,97,81,232,172,118,106,82,156,83,105,84,111,53,29,184,96,90,204,55,109,143,66,132,161,214,101,176,188,62,219,88,27
287,78,120,245,244,165,124,125,146,235,254,54,173,143,63,215,191,167,247,253,151,220,96,163,224,207,251,125,183,198,245,71,87
288,81,135,153,167,78,61,176,118,71,34,93,98,100,184,234,102,119,95,50,1,134,48,237,241,22,5,2,47,54,234,9,205
289,106,76,64,210,126,251,248,134,156,234,26,171,249,76,247,225,131,34,158,52,39,97,100,188,62,27,53,249,150,222,89,93
290,246,31,58,198,166,144,149,49,9,166,79,46,199,176,224,103,198,126,53,24,216,222,224,138,186,217,143,106,6,170,181,237
291,77,196,64,140,77,16,111,59,26,230,13,135,140,227,242,68,83,4,43,46,64,7,216,210,126,63,215,125,30,236,217,82
292,115,208,204,140,87,66,113,28,11,125,117,47,112,243,174,82,248,200,55,32,15,82,194,153,84,40,161,182,61,42,80,83
293,172,219,211,193,190,6,22,5,158,229,178,55,24,155,228,194,198,36,171,20,116,133,65,130,106,45,165,22,158,184,224,83
294,110,176,177,120,253,221,144,219,139,253,180,61,14,221,94,190,141,147,213,17,158,107,250,209,27,89,21,255,210,12,86,247
295,246,13,184,207,191,37,154,44,13,132,157,23,238,107,103,66,222,123,175,18,56,42,91,234,251,156,206,59,148,235,29,0
296,108,214,152,164,87,89,183,149,76,99,31,170,247,118,235,96,113,144,174,35,77,49,108,155,244,7,175,53,188,122,156,83
297,214,27,248,207,174,88,156,9,95,132,69,134,175,166,229,108,38,58,40,88,208,40,191,208,219,188,7,59,148,234,133,60
298,147,19,123,215,172,165,189,118,158,238,94,102,124,247,229,72,246,111,55,78,129,152,187,242,86,41,254,226,28,91,49,123
299,74,225,0,154,217,157,188,236,143,53,169,159,172,206,110,132,237,139,235,213,86,75,218,241,191,20,30,127,18,30,143,222
300,150,27,248,207,174,29,181,25,95,134,84,38,38,161,231,76,102,42,42,94,208,40,59,208,130,156,71,59,150,250,77,125
301,73,196,192,140,79,104,119,255,3,95,92,175,4,183,234,70,115,76,47,46,68,16,174,129,118,124,39,172,190,254,80,210
302,118,105,177,145,157,248,180,198,235,177,138,58,142,188,85,190,169,255,248,17,21,75,226,224,191,84,159,123,134,84,223,142
303,198,215,120,200,254,144,152,172,218,153,148,242,145,134,228,103,87,244,174,240,189,74,206,212,62,48,231,239,28,168,252,21
304,44,67,247,215,189,159,212,21,143,165,95,215,204,205,117,142,134,108,171,28,144,229,48,130,47,85,20,18,198,158,212,245
305,233,20,216,172,126,104,121,30,26,225,84,186,117,58,187,243,242,197,22,49,39,73,165,207,92,39,249,189,188,200,89,11
306,162,55,204,207,119,114,112,124,11,113,125,227,40,63,175,255,102,94,147,96,181,216,141,249,6,57,80,167,191,223,88,223
307,210,49,128,215,5,61,12,1,23,160,214,158,171,132,207,230,124,254,172,208,107,112,241,170,145,244,152,50,30,76,28,60
308,236,196,222,236,223,205,191,17,140,201,127,31,121,255,110,66,228,113,190,112,85,45,3,162,126,237,165,217,155,170,201,83
309,245,25,155,152,182,208,18,1,95,200,208,98,54,218,231,248,214,169,188,81,175,7,166,202,186,37,39,27,176,41,56,71
310,94,24,135,148,199,80,97,40,153,222,22,111,238,247,227,207,113,232,175,209,81,94,34,236,153,50,255,235,54,45,53,123
311,215,252,122,220,52,12,89,98,25,140,148,190,19,248,230,97,118,248,61,88,59,205,182,129,250,184,237,248,44,169,20,53
312,125,209,210,183,198,73,55,177,94,123,23,47,126,112,106,64,121,128,174,3,93,52,45,193,252,6,253,4,56,42,216,83
313,195,209,241,142,126,107,187,220,91,117,93,111,252,120,190,38,182,78,22,109,135,97,188,217,38,56,18,174,30,223,81,221
314,127,81,102,103,103,82,127,248,97,228,255,167,91,93,159,244,126,213,253,239,205,179,189,204,118,249,163,132,111,183,126,117
315,45,203,173,201,188,34,201,150,198,121,222,98,145,55,181,111,205,196,63,252,153,217,101,148,236,249,239,212,150,217,116,105
316,130,190,186,177,243,171,185,199,63,191,82,183,140,174,230,8,167,59,151,145,182,220,0,214,108,23,63,227,132,68,167,223
317,19,19,88,201,174,61,189,78,79,148,78,166,173,163,231,76,54,10,42,78,64,33,59,208,146,152,82,42,22,218,9,236
318,236,91,83,193,253,133,114,244,133,165,50,87,74,161,108,194,204,102,171,92,17,185,145,166,30,217,196,67,130,141,116,89
319,150,27,248,201,174,25,23,89,95,132,84,38,134,194,231,68,246,104,44,88,208,40,163,144,138,252,7,59,148,232,5,101
320,67,60,45,147,31,253,233,18,142,248,30,6,188,29,87,103,33,102,63,93,131,92,49,252,205,9,171,240,28,15,81,123
321,124,152,161,148,71,216,37,43,154,238,156,46,254,246,226,214,113,236,189,8,81,203,232,152,137,231,255,243,155,44,85,243
322,66,185,186,220,123,148,57,99,171,156,158,33,44,254,199,118,167,115,253,145,194,75,162,201,217,52,95,171,130,36,47,31
323,168,147,211,198,247,3,54,21,135,165,179,118,88,153,108,194,94,244,235,208,92,189,209,162,78,221,180,82,143,170,240,19
324,104,118,118,227,255,150,17,21,192,164,74,174,201,158,232,247,199,61,130,49,196,210,116,156,109,217,143,66,174,30,181,61
325,105,100,200,142,125,112,73,222,3,86,76,133,169,163,115,199,83,74,130,12,66,66,210,137,102,249,150,45,30,220,120,216
326,80,27,248,77,172,105,159,10,78,132,44,135,190,174,119,72,246,58,42,68,132,41,55,90,67,28,67,57,148,123,85,61
327,35,93,212,136,251,243,16,134,135,241,42,164,25,62,39,126,79,245,170,208,13,139,125,216,46,242,5,87,190,222,8,28
328,97,164,192,140,109,96,93,222,3,86,76,133,161,163,123,70,83,74,34,12,71,75,246,193,98,124,134,44,30,214,112,218
329,154,243,162,247,37,22,206,213,19,191,147,215,169,142,240,193,236,223,157,207,235,221,152,195,163,217,191,180,15,220,24,56
330,144,27,240,78,47,49,151,57,95,132,173,134,42,172,229,100,54,122,170,74,128,168,183,233,16,200,64,58,63,235,69,61
331,99,208,192,204,85,4,73,12,139,61,121,7,96,227,94,82,208,201,53,140,10,82,216,201,20,188,165,176,61,162,80,10
332,40,208,226,204,117,243,118,127,87,233,61,43,9,157,246,228,121,188,183,8,212,179,56,156,63,221,161,239,55,174,220,243
333,145,59,176,218,155,150,21,73,223,174,144,38,46,146,231,120,230,187,142,145,230,71,228,250,155,4,52,186,48,25,33,13
334,208,49,69,181,79,232,96,34,131,204,26,111,119,89,85,202,160,161,53,245,11,112,243,141,142,200,225,138,45,8,84,123
335,91,246,217,196,63,94,91,158,159,203,150,94,158,221,222,226,55,213,93,62,231,101,243,227,251,223,61,156,38,188,217,117
336,104,214,126,240,119,255,189,119,136,159,126,171,253,127,174,113,247,59,151,52,162,210,98,172,127,219,127,137,134,88,253,219
337,72,206,210,156,111,88,119,123,139,214,12,175,13,227,98,70,35,41,170,14,100,45,134,210,122,117,5,109,62,252,141,66
338,27,219,115,68,114,210,190,103,237,200,90,226,41,190,180,228,54,127,183,193,209,153,36,237,50,104,174,131,103,166,165,189
339,187,131,115,147,35,249,185,108,95,204,182,178,110,76,231,108,243,59,180,17,159,157,47,215,219,211,91,195,23,12,101,255
340,99,47,91,146,230,173,162,198,28,164,26,239,45,196,245,205,183,47,3,126,32,178,168,172,25,75,49,186,165,95,117,237
341,108,84,246,226,214,142,157,5,72,141,91,174,209,74,175,101,86,53,6,48,200,118,117,140,124,240,174,218,188,154,128,21
342,185,140,114,146,70,193,49,176,85,234,94,171,126,145,99,100,111,202,55,15,200,190,143,231,93,12,112,192,47,143,32,41
343,137,177,90,212,5,46,181,178,92,134,86,23,154,200,106,73,94,74,142,98,238,224,214,161,68,9,186,84,12,73,153,82
344,55,118,52,247,79,180,17,54,65,142,92,46,175,80,194,39,78,121,4,18,220,222,246,172,175,208,78,234,38,139,151,165
345,121,202,179,180,79,245,158,99,211,111,159,26,12,172,66,166,173,253,174,11,36,59,232,179,215,71,89,59,131,77,141,71
346,211,13,184,207,60,93,187,107,95,254,85,156,175,166,247,103,166,79,38,142,145,122,191,251,147,152,82,42,152,233,1,189
347,92,5,209,223,143,89,212,33,29,224,189,131,250,100,212,193,114,239,174,30,121,232,221,232,251,168,68,57,31,238,201,26
348,252,77,176,252,181,79,93,219,83,45,86,10,111,13,51,73,250,223,149,81,122,126,113,172,251,251,156,145,183,217,148,242
349,192,196,83,208,223,180,96,166,157,213,114,215,103,205,109,195,211,70,171,92,35,125,178,134,63,121,20,74,134,156,116,121
350,33,51,233,175,118,106,114,28,91,225,69,239,117,23,169,127,54,78,19,112,134,208,172,141,70,48,146,145,38,155,84,218
351,19,223,106,177,242,147,190,247,188,232,94,231,44,174,182,192,38,43,151,133,213,153,4,255,58,71,46,195,61,212,169,221
352,104,215,114,66,117,244,186,246,200,160,126,194,8,136,237,224,212,118,162,240,133,27,148,238,127,61,150,107,14,159,124,159
353,130,177,250,213,7,148,148,54,92,167,134,22,178,217,110,65,92,126,153,66,232,208,240,224,203,25,214,51,12,72,152,58
354,234,118,69,149,108,244,49,27,145,204,63,247,122,86,199,255,206,177,183,180,171,98,243,215,143,209,225,139,14,205,124,117
355,192,23,187,172,86,61,114,92,211,237,16,222,167,172,121,227,55,92,134,32,167,111,188,155,255,192,51,45,176,232,5,221
356,74,58,243,244,109,220,249,22,171,253,54,109,140,191,215,158,167,117,253,17,128,73,162,192,139,219,127,187,198,164,71,127
357,43,155,224,212,71,158,182,112,26,236,61,175,72,134,230,116,113,108,162,78,212,28,174,245,23,111,251,243,19,47,213,247
358,55,7,107,200,244,163,235,194,92,193,218,226,81,236,189,96,124,171,23,189,157,187,36,94,120,12,171,200,149,203,116,240
359,251,158,82,181,111,244,115,50,147,78,63,183,111,158,106,224,227,31,181,4,46,3,186,131,207,253,43,175,39,77,109,215
360,83,167,242,165,118,98,113,86,71,97,78,51,12,163,98,98,98,78,2,12,4,154,132,193,118,60,17,39,54,236,116,207
361,138,177,243,212,35,22,156,162,28,143,146,247,188,223,108,193,86,123,141,98,236,204,228,224,195,153,254,186,14,72,129,91
362,7,14,134,159,13,34,172,162,156,18,91,243,236,98,181,207,237,103,43,167,36,197,11,237,4,50,218,130,28,125,57,4
363,233,219,191,164,116,183,116,31,195,121,127,123,20,148,226,118,102,188,54,2,134,178,174,209,114,33,33,173,23,250,220,65
364,41,217,163,173,71,222,182,123,146,233,29,167,141,190,162,192,241,108,147,70,20,25,188,189,199,197,171,239,55,45,153,211
365,87,23,123,255,166,32,191,126,30,206,94,230,189,255,225,104,118,107,63,14,209,154,167,242,252,189,191,170,156,218,49,249
366,89,188,26,163,55,112,112,155,85,85,191,39,94,157,106,193,231,12,174,3,71,118,153,161,82,209,1,7,110,206,124,211
367,154,25,126,215,135,249,177,50,143,232,22,103,188,221,246,104,50,59,191,81,209,184,38,222,79,79,251,227,63,47,21,91
368,63,230,76,247,52,144,74,52,129,142,95,247,227,77,218,71,95,236,149,191,253,214,230,140,238,249,235,232,46,143,152,145
369,61,223,114,198,230,155,182,113,74,234,159,230,14,176,230,228,126,124,150,78,213,187,164,184,114,109,39,186,63,239,185,213
370,50,217,87,130,126,33,113,228,133,197,122,167,98,141,109,198,238,194,163,116,3,171,59,228,58,216,4,74,39,158,116,125
371,2,182,227,214,52,209,51,81,181,47,151,228,162,133,236,237,221,26,143,130,234,213,160,235,2,86,176,131,6,200,116,125
372,202,246,251,140,127,122,179,255,91,119,93,243,12,188,102,100,243,13,146,35,165,59,188,211,118,117,10,47,22,124,157,223
373,106,176,177,232,125,221,144,89,139,253,181,45,14,157,70,190,140,17,215,17,134,107,242,209,27,89,25,255,82,12,86,255
374,72,19,166,132,181,222,145,23,138,205,157,42,142,150,226,230,4,60,189,0,81,237,178,200,131,113,90,123,130,13,149,126
375,127,73,99,70,87,214,111,240,97,196,255,134,91,205,191,244,126,236,149,239,205,179,188,238,115,109,131,129,103,183,126,116
376,74,58,150,252,91,180,184,119,170,137,82,119,172,159,100,194,228,63,251,129,150,203,146,201,31,49,250,139,10,4,47,155
377,75,58,245,246,41,92,89,55,233,221,54,173,173,63,214,127,166,181,253,133,132,73,163,233,203,251,126,155,134,164,7,95
378,58,235,24,184,217,213,154,238,143,61,164,9,142,206,110,148,237,219,207,211,94,75,250,245,187,213,159,127,83,29,175,214
379,237,228,90,80,52,248,152,134,88,240,118,173,219,200,255,73,214,126,164,124,103,114,240,140,106,155,63,249,142,216,89,26
380,72,146,224,134,69,85,49,62,59,231,5,207,173,167,102,214,39,136,139,132,212,79,182,221,95,87,83,123,26,172,103,254
381,34,28,244,221,239,117,188,106,137,90,24,171,44,62,21,142,239,19,247,133,144,43,83,241,23,94,218,147,151,93,143,223
382,53,244,122,229,102,150,29,55,193,132,78,166,135,216,148,118,86,249,8,35,217,226,246,128,36,232,14,122,44,186,133,53
383,79,219,254,92,95,242,179,199,203,109,191,183,200,188,182,226,238,103,159,68,164,169,44,245,51,127,162,243,151,252,245,215
384,60,254,53,176,246,208,65,113,65,220,217,234,15,68,200,183,210,249,141,49,217,194,230,132,185,193,237,251,166,174,244,117
385,183,152,110,241,34,224,179,3,163,92,182,177,27,134,230,118,207,61,181,84,10,175,167,215,73,188,43,198,65,45,101,247
386,47,220,226,209,125,211,255,115,213,111,223,50,8,156,246,228,104,188,151,138,244,187,52,242,115,93,142,243,183,220,252,247
387,57,253,201,133,84,254,183,3,170,236,62,39,24,246,198,210,161,172,165,6,83,129,160,209,96,173,171,167,17,108,221,241
388,101,244,115,208,223,158,47,49,201,207,107,22,97,74,12,208,85,185,130,55,198,148,116,142,45,30,149,82,172,10,148,245
389,26,55,96,142,31,254,131,124,15,233,28,226,46,244,191,229,55,235,157,253,147,157,44,251,152,88,10,178,23,79,125,109
390,21,15,107,161,244,167,235,114,84,193,218,198,81,238,177,96,124,171,19,253,145,186,20,30,124,12,175,196,181,139,112,160
391,170,187,246,146,67,209,180,103,151,199,54,191,40,222,110,212,110,147,179,130,242,89,6,227,30,94,156,195,7,76,204,199
392,138,29,175,205,169,126,21,31,139,223,29,183,154,158,230,246,204,127,191,2,223,207,242,209,199,113,203,171,18,29,149,247
393,23,121,203,206,245,174,107,148,67,97,223,194,88,5,61,108,54,246,16,218,23,137,24,253,163,56,0,16,38,223,216,128
394,60,84,190,236,36,70,87,120,212,138,247,34,82,249,185,98,216,244,62,106,232,167,113,14,243,239,224,20,82,251,116,35
395,203,177,54,145,67,175,177,182,140,205,22,31,156,87,78,198,86,235,143,76,224,208,112,230,69,14,58,240,10,92,1,91
396,18,159,122,188,182,226,181,103,156,13,90,231,44,174,162,64,230,59,135,1,86,153,0,255,252,39,62,195,52,76,181,219
397,109,45,86,176,241,209,189,19,157,189,59,171,33,222,103,205,193,19,178,16,118,83,174,189,126,219,199,233,195,12,196,194
398,47,25,66,185,229,209,179,46,21,203,116,167,40,191,227,45,42,187,183,181,16,186,130,222,108,87,191,235,143,28,121,223
399,27,91,114,132,118,155,187,116,9,204,116,231,45,204,183,228,54,43,135,127,132,190,36,238,58,77,40,171,127,159,109,253
400,63,77,106,78,85,214,223,240,245,196,254,2,123,221,183,116,120,232,151,239,236,179,60,239,115,109,160,137,119,191,126,236
401,99,182,123,181,118,252,113,19,153,108,191,166,63,214,206,117,246,159,124,44,175,99,188,209,199,221,1,163,34,204,12,119
402,43,46,246,189,67,213,56,102,219,87,204,19,172,222,54,255,199,107,162,133,214,222,86,225,15,83,219,51,22,69,141,199
403,219,87,121,104,41,244,95,63,41,78,156,173,191,31,130,240,134,19,221,12,223,8,241,147,227,253,32,186,58,214,142,123
404,11,34,245,193,46,27,232,11,47,177,50,226,141,8,212,142,170,5,127,157,134,252,69,192,12,90,91,244,198,132,83,141
405,41,150,114,135,102,240,63,63,10,202,254,231,126,192,238,212,95,235,181,141,218,178,207,251,96,36,35,224,12,142,161,233
406,74,160,112,220,107,144,152,11,139,21,132,153,172,138,118,222,198,145,251,129,2,75,198,209,150,48,154,255,22,4,11,6
407,59,155,182,153,187,208,56,195,217,93,84,183,44,14,55,142,238,35,229,149,190,28,70,247,150,118,218,195,183,4,143,223
408,24,108,53,223,99,237,89,102,77,236,92,103,46,70,246,207,230,235,6,156,219,248,66,236,28,201,100,240,26,30,137,117
409,2,183,190,187,219,229,57,239,190,21,72,145,172,238,106,72,229,27,171,149,54,88,18,247,205,23,30,107,144,4,165,218
410,43,43,247,157,95,148,112,214,201,93,92,7,40,204,63,175,102,234,166,120,150,28,166,197,7,120,64,227,179,141,28,205
411,61,121,43,234,228,220,107,120,65,204,93,238,127,68,179,242,100,176,182,95,197,161,178,172,63,237,164,208,143,186,94,245
412,26,18,115,129,183,241,123,30,127,207,86,167,46,140,247,100,239,187,167,131,222,188,39,255,243,117,59,195,23,29,37,127
413,71,11,135,159,140,38,174,9,140,131,203,70,212,226,41,110,117,103,59,143,17,193,15,192,4,38,223,2,156,123,177,4
414,13,236,52,221,44,252,89,98,73,217,92,127,190,252,246,103,134,235,46,140,210,248,226,197,204,249,96,112,0,46,137,247
415,3,173,43,152,211,164,185,103,60,69,74,3,44,138,54,64,178,43,19,141,22,152,48,255,113,38,154,65,20,4,181,206
416,169,187,182,133,103,63,181,242,221,93,94,119,156,165,179,204,100,202,175,77,145,232,50,131,198,221,250,132,14,109,25,251
417,106,120,49,224,105,221,144,80,139,253,181,45,14,157,70,190,142,49,215,81,134,107,178,208,19,89,24,251,66,15,15,247
418,13,126,54,238,253,150,119,253,192,45,88,110,126,24,187,90,246,223,134,243,242,55,144,239,56,239,190,228,60,31,163,155
419,42,158,127,178,199,215,181,211,75,255,124,63,28,156,102,165,175,175,183,129,213,239,166,244,67,113,210,235,31,14,245,215
420,42,187,247,66,39,84,189,81,173,95,119,247,40,140,164,228,166,26,135,4,211,149,49,201,19,95,50,131,14,143,244,117
421,39,250,110,233,100,248,89,182,9,204,92,231,159,109,150,100,78,232,55,109,141,176,231,205,206,190,225,195,174,191,92,85
422,99,188,111,32,50,219,188,19,141,95,59,191,33,158,230,104,167,19,31,52,230,77,36,141,19,95,187,143,65,76,133,95
423,130,76,18,154,93,213,176,67,158,134,64,18,172,210,100,197,201,59,162,145,54,222,18,242,13,48,158,75,16,12,45,134
424,10,174,183,149,95,245,48,194,193,125,80,59,172,236,126,143,239,127,131,133,182,222,226,195,31,81,73,35,162,108,143,215
425,122,179,115,180,119,244,121,246,149,93,180,183,47,254,98,237,230,63,159,129,182,65,176,221,215,247,218,187,167,220,44,215
426,91,39,88,163,174,16,181,121,3,182,191,162,110,94,199,109,254,85,156,38,212,97,173,157,48,232,107,178,119,191,121,229
427,22,236,92,229,98,96,104,238,193,250,92,247,61,186,180,71,163,203,21,173,59,216,130,197,172,249,108,225,172,40,137,151
428,52,124,116,199,79,240,67,118,65,201,220,54,42,120,150,86,227,239,46,166,185,186,215,167,62,239,100,210,171,63,200,151
429,41,100,115,172,239,48,110,127,193,78,172,142,56,201,57,252,86,209,138,173,147,75,118,197,77,121,160,80,15,141,200,48
430,12,219,98,142,116,195,171,208,96,105,95,230,89,65,182,196,62,36,21,239,129,154,14,181,48,109,35,132,29,190,115,241
431,11,191,226,152,245,151,122,215,91,77,84,238,10,78,183,172,191,171,151,149,175,146,172,207,22,127,155,235,143,156,63,245
432,41,110,115,235,229,245,108,245,81,76,248,231,41,140,191,252,253,217,134,156,159,218,162,161,46,92,144,246,143,143,106,221
433,74,159,106,216,247,245,187,87,95,77,254,175,168,236,182,224,254,51,183,149,198,186,102,247,118,125,174,139,151,92,253,95
434,87,73,131,142,157,6,174,133,158,129,203,66,212,226,121,70,241,229,57,223,17,195,155,226,185,52,143,92,136,123,177,4
435,165,224,27,187,92,135,162,216,22,136,113,70,245,195,169,64,89,104,2,126,35,182,90,63,4,134,43,44,88,43,33,160
436,135,22,231,7,102,58,168,25,92,107,83,246,88,108,188,239,62,4,50,175,181,180,45,200,4,58,234,132,207,239,81,245
437,58,249,58,226,125,221,211,64,139,108,181,13,46,159,103,148,204,185,223,65,78,43,114,245,219,209,138,123,82,14,14,95
438,9,240,226,205,60,209,110,117,205,97,253,167,60,143,190,160,222,41,134,157,195,56,180,197,102,61,52,224,30,142,169,248
439,42,156,47,145,237,215,189,115,91,125,124,19,172,188,54,164,205,59,151,149,214,186,50,213,71,81,218,227,150,76,165,255
440,11,143,98,193,247,179,176,199,90,45,88,166,168,168,167,128,239,15,134,5,167,155,36,255,54,125,50,227,159,76,57,205
441,139,190,246,209,118,251,55,215,159,94,86,247,188,191,166,68,103,34,191,12,247,156,32,243,110,95,50,198,46,236,101,223
442,59,83,112,197,114,18,187,92,0,204,190,230,57,3,135,68,126,181,21,236,137,144,229,221,116,44,42,128,47,158,33,25
443,10,187,98,155,247,209,186,116,153,79,84,167,44,255,230,132,127,59,151,129,148,154,164,252,42,85,158,227,159,142,61,223
444,139,88,115,153,99,212,185,119,45,77,244,247,12,31,134,204,238,49,151,84,167,139,48,215,71,95,58,138,143,196,165,255
445,74,249,48,248,185,221,24,220,175,125,188,45,140,223,102,116,133,57,255,81,214,75,242,213,219,209,31,255,154,4,143,223
446,3,143,2,155,53,149,170,230,94,73,88,199,172,200,182,196,217,43,146,197,134,152,70,255,172,86,154,203,28,12,185,204
447,185,77,106,108,84,214,223,240,212,196,246,2,115,220,183,97,120,248,23,235,236,183,52,190,115,233,162,137,117,187,118,202
448,212,72,61,253,44,78,29,48,188,154,151,16,247,23,1,107,134,117,125,107,104,197,115,14,193,235,122,144,32,177,5,35
449,19,223,71,188,18,146,190,119,172,64,90,231,45,174,182,193,110,163,159,197,229,153,20,239,176,102,174,128,45,180,161,93
450,43,135,224,15,246,51,174,123,95,73,89,231,40,104,190,132,126,11,150,173,215,186,76,219,38,92,174,162,223,206,251,213
451,138,190,226,154,231,241,188,231,31,23,70,179,40,254,102,141,175,59,179,129,182,94,143,241,30,82,218,111,135,76,253,206
452,42,139,114,140,231,213,184,231,79,77,124,39,40,140,55,228,238,169,162,213,215,190,38,247,15,125,144,199,223,12,76,223
453,219,223,120,104,33,124,94,55,105,110,60,185,191,31,150,240,166,151,221,140,222,8,229,211,243,253,168,187,54,212,206,127
454,123,125,112,224,109,221,95,86,233,76,188,169,47,157,215,180,142,177,213,111,204,35,160,234,243,221,32,187,71,159,206,251
455,13,219,98,203,116,147,110,249,101,72,93,230,219,65,179,228,94,104,23,239,201,176,29,255,38,124,163,192,63,191,248,177
456,2,177,187,187,219,229,57,79,190,85,73,17,172,247,104,72,225,27,187,145,18,72,154,213,205,55,154,107,144,4,165,250
457,124,225,114,224,93,80,82,200,161,36,173,11,75,223,111,208,248,157,205,242,78,3,184,149,155,217,129,127,51,135,110,86
458,124,80,254,236,52,70,83,24,84,138,247,32,83,113,169,122,216,212,60,42,168,167,97,136,211,239,225,21,226,235,116,35
459,138,185,242,240,99,165,191,215,223,15,118,53,140,219,102,196,134,27,159,129,146,237,19,195,70,220,26,194,78,12,129,83
460,231,96,96,234,108,9,200,72,11,48,177,123,207,73,221,59,222,129,95,127,202,39,75,208,150,216,139,254,93,171,82,133
461,14,158,98,121,251,217,190,103,142,79,88,167,169,236,246,132,175,63,151,133,214,184,164,144,46,125,43,227,223,12,189,215
462,139,186,159,153,225,254,172,247,30,79,84,118,140,46,167,232,167,59,150,128,181,220,50,195,159,215,186,197,134,77,13,221
463,43,186,232,139,127,241,250,220,15,76,93,231,104,206,183,32,255,171,151,149,214,139,45,251,22,127,186,139,159,222,124,221
464,95,143,195,197,244,151,110,255,87,73,88,98,58,241,180,228,126,238,23,232,219,184,40,253,38,60,167,160,191,254,248,173
465,11,27,123,253,116,132,187,61,61,77,84,230,184,175,182,96,254,59,151,133,131,184,176,217,102,249,186,136,142,136,49,249
466,61,247,105,103,244,11,71,248,115,224,253,238,83,109,223,48,30,204,70,110,205,178,125,62,254,205,37,52,111,251,194,208
467,154,186,251,154,246,241,251,215,223,77,92,231,44,174,247,100,255,187,151,145,135,189,52,243,127,85,190,235,183,206,37,255
468,74,28,57,248,125,221,249,22,159,111,150,29,158,189,23,47,143,55,255,1,161,109,243,208,199,91,90,155,214,76,5,127
469,107,249,99,200,101,210,238,255,67,72,124,238,152,188,246,244,90,79,150,203,215,58,164,227,38,93,166,207,79,214,206,253
470,130,142,159,185,179,224,60,231,190,23,74,177,172,231,32,73,231,59,171,145,50,220,3,247,205,182,158,195,144,64,165,187
471,123,159,112,96,245,248,95,55,121,111,60,188,11,63,150,244,166,151,149,140,248,56,100,255,246,253,162,241,119,212,206,123
472,34,203,8,185,61,145,184,206,30,5,88,135,172,136,50,64,200,43,131,213,70,154,70,245,172,21,154,235,20,28,185,206
473,41,251,121,77,116,197,111,246,64,204,116,102,51,21,183,48,78,120,22,74,203,186,100,45,103,137,36,160,119,153,118,249
474,57,29,104,101,246,123,127,55,113,78,126,186,27,61,150,176,62,154,149,172,248,184,101,142,103,207,176,132,103,220,206,249
475,10,177,185,251,253,237,185,79,142,61,93,16,156,223,104,8,205,27,191,17,18,90,250,209,207,213,154,239,144,8,133,243
476,56,189,114,105,181,255,114,119,101,45,126,8,191,63,2,144,152,186,199,88,26,184,113,191,239,221,4,81,242,206,206,235
477,24,188,154,233,241,253,114,87,63,13,108,9,191,183,66,208,167,187,205,24,26,184,208,183,255,221,16,97,226,196,206,219
478,37,107,19,159,76,133,166,216,30,152,113,78,244,192,97,9,88,104,34,110,67,114,90,185,20,0,175,44,89,59,33,160
479,2,145,27,251,155,197,49,207,190,29,73,17,188,215,104,80,229,27,187,144,19,8,154,85,205,181,30,111,144,0,165,186
480,184,217,125,254,29,197,87,252,135,8,244,2,51,221,48,97,200,248,31,203,74,43,122,189,243,201,164,24,49,154,244,170
481,58,113,58,234,121,221,91,112,141,108,189,45,46,223,111,48,220,185,223,99,207,35,120,221,211,221,32,187,91,15,110,255
482,74,241,48,234,121,157,24,244,175,249,181,105,174,223,70,242,134,57,255,81,198,11,250,213,223,217,15,251,18,6,7,223
483,10,177,57,251,253,197,185,223,158,29,84,19,188,159,104,96,205,27,147,145,82,10,114,245,239,209,158,235,16,8,181,251
484,145,73,111,156,6,198,175,246,244,198,214,198,113,198,179,97,110,228,63,239,233,151,52,108,113,42,234,128,45,177,49,120
485,35,211,97,9,246,147,174,125,77,72,88,230,184,24,189,164,126,10,22,237,199,184,101,221,36,28,166,130,95,158,240,253
486,104,193,136,190,188,36,70,158,2,25,200,9,183,234,89,218,217,203,189,209,30,74,219,49,235,245,190,57,152,218,184,10
487,194,148,189,181,171,104,180,135,190,159,2,177,140,190,66,75,163,87,235,145,50,77,147,226,205,50,222,195,128,84,165,91
488,10,153,106,152,119,209,185,103,95,69,92,179,40,140,118,228,235,59,147,149,150,58,54,245,31,125,154,235,23,12,253,223
489,43,59,98,200,119,147,234,81,71,72,124,238,40,200,182,164,126,168,151,220,199,178,36,221,54,28,160,130,127,142,120,245
490,176,201,29,250,61,205,87,236,135,40,176,8,55,219,32,97,200,243,31,66,74,43,90,189,249,217,142,123,16,26,196,43
491,221,208,237,235,12,68,79,188,85,94,151,22,89,87,187,111,127,192,61,239,235,71,63,241,243,235,254,140,55,179,244,113
492,10,152,59,249,125,213,185,119,31,77,92,23,188,159,54,32,207,59,151,5,147,184,50,215,207,93,186,194,30,12,181,251
493,10,182,114,145,115,252,176,87,237,73,94,231,44,158,166,228,166,59,151,1,151,152,50,209,18,85,58,139,142,132,45,223
494,48,1,142,169,93,103,227,73,166,37,223,3,64,179,34,64,120,158,234,208,26,187,211,208,213,165,138,75,177,10,244,194
495,2,139,26,155,213,163,178,101,142,5,73,3,228,226,46,64,216,59,131,1,22,186,10,245,5,54,154,75,144,74,189,138
496,11,27,98,185,247,145,184,119,221,77,80,167,168,140,182,196,238,43,147,149,150,152,36,223,46,117,154,195,31,12,189,221
497,10,186,251,137,118,157,185,83,79,77,92,103,140,143,246,140,167,41,135,5,211,184,32,209,134,93,58,203,142,142,141,253
498,18,151,234,152,183,243,189,247,31,77,220,167,44,238,182,4,255,187,151,129,214,139,38,255,58,85,186,195,23,204,189,223
499,11,186,242,201,243,246,184,87,63,79,92,182,172,190,166,228,167,123,151,145,151,156,52,251,15,95,186,195,150,4,173,255
500,11,159,123,253,116,150,249,119,28,77,92,230,189,159,178,96,246,59,23,141,131,184,32,255,102,253,186,128,30,136,177,249
