punto_clave_id,posicion_x,posicion_y,tama√±o,angulo,respuesta,octava
1,396.0,501.0,31.0,106.40277099609375,0.0014354282757267356,0
2,486.0,404.0,31.0,97.31443786621094,0.000893433578312397,0
3,354.0,364.0,31.0,240.28704833984375,0.0008893843041732907,0
4,386.0,382.0,31.0,297.8883972167969,0.0008764266967773438,0
5,516.0,374.0,31.0,276.6740417480469,0.001290359883569181,0
6,444.0,363.0,31.0,354.4750061035156,0.0009689314756542444,0
7,337.0,392.0,31.0,240.635498046875,0.0015057906275615096,0
8,442.0,362.0,31.0,19.72712516784668,0.0015389113686978817,0
9,462.0,406.0,31.0,70.72949981689453,0.0013602302642539144,0
10,452.0,375.0,31.0,48.824283599853516,0.0008560573915019631,0
11,397.0,395.0,31.0,321.28985595703125,0.0011343053774908185,0
12,448.0,403.0,31.0,287.0062255859375,0.0010737351840361953,0
13,477.0,383.0,31.0,285.52801513671875,0.0014830694999545813,0
14,475.0,395.0,31.0,100.95901489257812,0.0012276469497010112,0
15,410.0,407.0,31.0,247.57537841796875,0.0025567300617694855,0
16,274.0,604.0,31.0,272.0700378417969,0.0008942587883211672,0
17,507.0,387.0,31.0,286.6020202636719,0.0008498177630826831,0
18,465.0,387.0,31.0,140.88644409179688,0.0009813583455979824,0
19,399.0,387.0,31.0,86.29619598388672,0.0010307356715202332,0
20,363.0,377.0,31.0,268.7167663574219,0.0008972447249107063,0
21,506.0,407.0,31.0,324.01995849609375,0.0013835667632520199,0
22,327.0,396.0,31.0,228.729736328125,0.0015402848366647959,0
23,477.0,377.0,31.0,259.4598083496094,0.0013314431998878717,0
24,438.0,385.0,31.0,40.78764343261719,0.0013276278041303158,0
25,517.0,377.0,31.0,266.64453125,0.0012317619984969497,0
26,532.0,377.0,31.0,272.68701171875,0.0008760793716646731,0
27,497.0,392.0,31.0,115.5270004272461,0.0008736559539102018,0
28,525.0,417.0,31.0,76.94387817382812,0.0009997147135436535,0
29,359.0,396.0,31.0,273.64239501953125,0.0014955929946154356,0
30,350.0,385.0,31.0,254.47552490234375,0.0009668547427281737,0
31,375.0,369.0,31.0,283.73626708984375,0.000926774344407022,0
32,517.0,396.0,31.0,285.49896240234375,0.0010333656100556254,0
33,486.0,391.0,31.0,309.0613708496094,0.0008573603699915111,0
34,473.0,402.0,31.0,269.44415283203125,0.000988960382528603,0
35,429.0,357.0,31.0,290.4432067871094,0.0008830261649563909,0
36,488.0,372.0,31.0,297.7613830566406,0.0010644225403666496,0
37,372.0,402.0,31.0,117.75052642822266,0.0014645422343164682,0
38,426.0,379.0,31.0,343.3223876953125,0.001329946331679821,0
39,515.0,409.0,31.0,141.04226684570312,0.0013823759509250522,0
40,442.0,438.0,31.0,85.42952728271484,0.0012954764533787966,0
41,401.0,373.0,31.0,312.605224609375,0.0011703262571245432,0
42,547.0,427.0,31.0,24.403364181518555,0.0008978553814813495,0
43,533.0,429.0,31.0,81.77149200439453,0.0010086962720379233,0
44,562.0,465.0,31.0,241.93540954589844,0.0009313723421655595,0
45,403.0,373.0,31.0,235.05580139160156,0.0009925039485096931,0
46,436.0,405.0,31.0,91.23606872558594,0.0017274224665015936,0
47,525.0,421.0,31.0,57.303871154785156,0.0012607272947207093,0
48,464.0,393.0,31.0,259.7352600097656,0.001028520055115223,0
49,344.0,402.0,31.0,254.57281494140625,0.002338317921385169,0
50,401.0,726.0,31.0,268.6997985839844,0.001377028413116932,0
51,444.0,736.0,31.0,308.9652099609375,0.002571411430835724,0
52,280.0,571.0,31.0,230.20225524902344,0.0011954258661717176,0
53,424.0,400.0,31.0,265.1839294433594,0.0012823607539758086,0
54,408.0,405.0,31.0,11.37654972076416,0.0016318300040438771,0
55,410.0,517.0,31.0,115.4728775024414,0.0009540814207866788,0
56,496.0,400.0,31.0,281.7083435058594,0.0008714337600395083,0
57,440.0,435.0,31.0,62.81110382080078,0.0019029306713491678,0
58,494.0,417.0,31.0,42.531898498535156,0.0014281431213021278,0
59,321.0,411.0,31.0,125.4603271484375,0.0014453788753598928,0
60,435.0,411.0,31.0,281.5401611328125,0.0024502957239747047,0
61,452.0,382.0,31.0,303.2960205078125,0.0016738984268158674,0
62,416.0,366.0,31.0,266.4941711425781,0.0012235901085659862,0
63,414.0,386.0,31.0,191.42835998535156,0.0013979156501591206,0
64,415.0,728.0,31.0,250.481201171875,0.0016486054519191384,0
65,436.0,734.0,31.0,286.20404052734375,0.0034020484890788794,0
66,401.0,517.0,31.0,99.40557098388672,0.00106348458211869,0
67,484.0,410.0,31.0,301.6090087890625,0.0012384328292682767,0
68,373.0,389.0,31.0,283.3316650390625,0.001483603031374514,0
69,411.0,401.0,31.0,96.22950744628906,0.0009919374715536833,0
70,514.0,414.0,31.0,298.73468017578125,0.001496638753451407,0
71,496.0,412.0,31.0,80.18133544921875,0.0021523672621697187,0
72,437.0,392.0,31.0,288.314208984375,0.0010425483342260122,0
73,441.0,370.0,31.0,330.1872863769531,0.002225656295195222,0
74,244.0,600.0,31.0,43.511722564697266,0.0013216384686529636,0
75,424.0,377.0,31.0,7.673454284667969,0.0008550642523914576,0
76,479.0,379.0,31.0,251.0039825439453,0.0009923349134624004,0
77,370.0,493.0,31.0,13.75393009185791,0.0011308680986985564,0
78,237.0,604.0,31.0,60.50577926635742,0.0018007968319579959,0
79,423.0,730.0,31.0,259.4449462890625,0.0015673759626224637,0
80,395.0,725.0,31.0,290.70989990234375,0.0012725964188575745,0
81,385.0,724.0,31.0,297.69134521484375,0.0008983833831734955,0
82,233.0,605.0,31.0,143.77679443359375,0.0010434456635266542,0
83,245.0,595.0,31.0,336.4400634765625,0.001994845224544406,0
84,493.0,414.0,31.0,114.62591552734375,0.0011674477718770504,0
85,391.0,360.0,31.0,228.24313354492188,0.0008426081039942801,0
86,452.0,396.0,31.0,122.76535034179688,0.0008047322044149041,0
87,330.0,380.0,31.0,233.2429656982422,0.0008136063697747886,0
88,496.0,380.0,31.0,290.10919189453125,0.0007065109093673527,0
89,362.0,390.0,31.0,134.08209228515625,0.0007001386256888509,0
90,233.0,596.0,31.0,198.07247924804688,0.0007679188856855035,0
91,534.0,413.0,31.0,342.322998046875,0.0007536776247434318,0
92,342.0,372.0,31.0,247.61663818359375,0.0007152749458327889,0
93,459.0,412.0,31.0,353.9761657714844,0.0007180238026194274,0
94,428.0,370.0,31.0,98.2103500366211,0.0008107140311039984,0
95,281.0,609.0,31.0,228.99270629882812,0.0007289258646778762,0
96,288.0,541.0,31.0,165.373779296875,0.0007752357050776482,0
97,517.0,391.0,31.0,281.9278564453125,0.0007569201989099383,0
98,348.0,396.0,31.0,129.90879821777344,0.0007005538791418076,0
99,513.0,361.0,31.0,283.3906555175781,0.0007457833271473646,0
100,373.0,382.0,31.0,89.02825164794922,0.0007214287179522216,0
101,402.0,365.0,31.0,109.75978088378906,0.0007168830488808453,0
102,454.0,377.0,31.0,63.0379638671875,0.0007830625399947166,0
103,238.0,595.0,31.0,254.79705810546875,0.000714327092282474,0
104,385.0,395.0,31.0,110.53627014160156,0.0007682733121328056,0
105,243.0,608.0,31.0,312.1839904785156,0.0008400912047363818,0
106,537.0,366.0,31.0,263.0138854980469,0.0008384030079469085,0
107,341.0,419.0,31.0,138.46034240722656,0.0007851170375943184,0
108,336.0,358.0,31.0,235.74632263183594,0.0006998942117206752,0
109,376.0,363.0,31.0,47.991207122802734,0.000699870812240988,0
110,436.8000183105469,391.20001220703125,37.20000076293945,269.56683349609375,0.0009351010667160153,1
111,393.6000061035156,724.800048828125,37.20000076293945,291.5677185058594,0.000989725929684937,1
112,484.8000183105469,409.20001220703125,37.20000076293945,40.461219787597656,0.0007454645237885416,1
113,386.4000244140625,723.6000366210938,37.20000076293945,298.5351867675781,0.0008585535106249154,1
114,442.8000183105469,433.20001220703125,37.20000076293945,86.39389038085938,0.0009695435292087495,1
115,402.0000305175781,373.20001220703125,37.20000076293945,273.6252136230469,0.0008941401611082256,1
116,451.20001220703125,396.0000305175781,37.20000076293945,71.3528823852539,0.0007652162457816303,1
117,368.4000244140625,406.8000183105469,37.20000076293945,87.57695770263672,0.0008226773934438825,1
118,422.4000244140625,729.6000366210938,37.20000076293945,253.177734375,0.0014319317415356636,1
119,460.8000183105469,410.4000244140625,37.20000076293945,50.02521514892578,0.000837706436868757,1
120,327.6000061035156,392.4000244140625,37.20000076293945,165.96221923828125,0.0010590123711153865,1
121,532.800048828125,426.0000305175781,37.20000076293945,64.80891418457031,0.0007719945861026645,1
122,430.8000183105469,349.20001220703125,37.20000076293945,290.40899658203125,0.0007381074829027057,1
123,326.4000244140625,394.8000183105469,37.20000076293945,152.20257568359375,0.0013811461394652724,1
124,440.4000244140625,434.4000244140625,37.20000076293945,86.19242858886719,0.0019143419340252876,1
125,462.0000305175781,405.6000061035156,37.20000076293945,103.80345153808594,0.000782271905336529,1
126,475.20001220703125,396.0000305175781,37.20000076293945,101.92383575439453,0.0010163952829316258,1
127,505.20001220703125,406.8000183105469,37.20000076293945,0.8241947293281555,0.0007997218635864556,1
128,373.20001220703125,388.8000183105469,37.20000076293945,274.2298889160156,0.000996670569293201,1
129,444.0000305175781,363.6000061035156,37.20000076293945,356.3338928222656,0.0009532147669233382,1
130,397.20001220703125,394.8000183105469,37.20000076293945,277.94061279296875,0.0010154616320505738,1
131,517.2000122070312,375.6000061035156,37.20000076293945,279.7523498535156,0.0011697644367814064,1
132,344.4000244140625,402.0000305175781,37.20000076293945,147.40054321289062,0.0018331679748371243,1
133,476.4000244140625,376.8000183105469,37.20000076293945,291.9342956542969,0.0008646163041703403,1
134,346.8000183105469,397.20001220703125,37.20000076293945,146.50762939453125,0.0009427041513845325,1
135,396.0000305175781,501.6000061035156,37.20000076293945,119.50579833984375,0.0011961625423282385,1
136,236.40000915527344,604.800048828125,37.20000076293945,179.4980926513672,0.0007442630594596267,1
137,370.8000183105469,402.0000305175781,37.20000076293945,99.9071044921875,0.0015777479857206345,1
138,448.8000183105469,402.0000305175781,37.20000076293945,341.6432189941406,0.0010532364249229431,1
139,386.4000244140625,381.6000061035156,37.20000076293945,250.70465087890625,0.0008960127597674727,1
140,451.20001220703125,381.6000061035156,37.20000076293945,320.89227294921875,0.0011560155544430017,1
141,474.0000305175781,400.8000183105469,37.20000076293945,327.5276794433594,0.0010905181989073753,1
142,410.4000244140625,400.8000183105469,37.20000076293945,81.40913391113281,0.0008687873487360775,1
143,384.0,400.8000183105469,37.20000076293945,40.09701919555664,0.0009655813919380307,1
144,410.4000244140625,405.6000061035156,37.20000076293945,32.228031158447266,0.0020654071122407913,1
145,426.0000305175781,378.0,37.20000076293945,306.7055969238281,0.0010361919412389398,1
146,415.20001220703125,364.8000183105469,37.20000076293945,284.0892333984375,0.0009475218830630183,1
147,412.8000183105469,386.4000244140625,37.20000076293945,297.9136962890625,0.0007672718493267894,1
148,435.6000061035156,405.6000061035156,37.20000076293945,104.87852478027344,0.0013659484684467316,1
149,514.800048828125,409.20001220703125,37.20000076293945,186.69863891601562,0.0011454912601038814,1
150,358.8000183105469,396.0000305175781,37.20000076293945,171.74407958984375,0.0011087593156844378,1
151,441.6000061035156,362.4000244140625,37.20000076293945,8.11474609375,0.0012697266647592187,1
152,321.6000061035156,410.4000244140625,37.20000076293945,123.2597427368164,0.0011123758740723133,1
153,434.4000244140625,410.4000244140625,37.20000076293945,29.50734519958496,0.001840141019783914,1
154,414.0000305175781,379.20001220703125,37.20000076293945,94.4849853515625,0.0007064848323352635,1
155,494.4000244140625,416.4000244140625,37.20000076293945,61.948028564453125,0.0013722917065024376,1
156,363.6000061035156,375.6000061035156,37.20000076293945,238.82546997070312,0.0007431535632349551,1
157,438.0000305175781,385.20001220703125,37.20000076293945,76.02098083496094,0.0009524566703476012,1
158,476.4000244140625,382.8000183105469,37.20000076293945,299.80084228515625,0.0009058507857844234,1
159,495.6000061035156,412.8000183105469,37.20000076293945,94.47103118896484,0.0021660332567989826,1
160,514.800048828125,412.8000183105469,37.20000076293945,324.853759765625,0.0014502054546028376,1
161,375.6000061035156,368.4000244140625,37.20000076293945,240.92120361328125,0.0008062100969254971,1
162,441.6000061035156,368.4000244140625,37.20000076293945,331.3040771484375,0.00215534889139235,1
163,415.20001220703125,728.4000244140625,37.20000076293945,253.25238037109375,0.0011844844557344913,1
164,423.6000061035156,399.6000061035156,37.20000076293945,274.9707336425781,0.0007816802826710045,1
165,524.4000244140625,420.0000305175781,37.20000076293945,67.32835388183594,0.0010274758096784353,1
166,400.8000183105469,726.0,37.20000076293945,282.1378173828125,0.0009906089399009943,1
167,337.20001220703125,391.20001220703125,37.20000076293945,164.02813720703125,0.0009848257759585977,1
168,288.0,540.0,37.20000076293945,167.212158203125,0.0007041684584692121,1
169,496.8000183105469,392.4000244140625,37.20000076293945,275.57794189453125,0.0006246963748708367,1
170,464.4000244140625,392.4000244140625,37.20000076293945,321.31719970703125,0.0006481017335318029,1
171,420.0000305175781,416.4000244140625,37.20000076293945,76.20957946777344,0.0006133996648713946,1
172,350.4000244140625,384.0,37.20000076293945,240.5640869140625,0.0006765936268493533,1
173,408.0000305175781,727.2000122070312,37.20000076293945,274.05853271484375,0.0006598272593691945,1
174,361.20001220703125,390.0000305175781,37.20000076293945,154.65023803710938,0.0006888299249112606,1
175,532.800048828125,429.6000061035156,37.20000076293945,66.58901977539062,0.0006555962027050555,1
176,279.6000061035156,571.2000122070312,37.20000076293945,235.50509643554688,0.0006076651625335217,1
177,224.40000915527344,627.6000366210938,37.20000076293945,147.50717163085938,0.000651520153041929,1
178,561.6000366210938,465.6000061035156,37.20000076293945,248.496337890625,0.000695930328220129,1
179,384.0,394.8000183105469,37.20000076293945,98.05452728271484,0.0006084330379962921,1
180,452.4000244140625,375.6000061035156,37.20000076293945,35.66816711425781,0.0006639068596996367,1
181,486.0000305175781,404.4000244140625,37.20000076293945,83.55103302001953,0.0006168698309920728,1
182,465.6000061035156,387.6000061035156,37.20000076293945,31.4193115234375,0.0006068357033655047,1
183,428.4000244140625,370.8000183105469,37.20000076293945,85.41557312011719,0.0006029161741025746,1
184,428.4000244140625,356.4000244140625,37.20000076293945,260.3181457519531,0.0005663462798111141,1
185,237.60000610351562,596.4000244140625,37.20000076293945,181.99932861328125,0.000596693018451333,1
186,402.0000305175781,517.2000122070312,37.20000076293945,94.51688385009766,0.0005334566230885684,1
187,354.0,363.6000061035156,37.20000076293945,225.5567626953125,0.0006008858908899128,1
188,517.2000122070312,391.20001220703125,37.20000076293945,265.33245849609375,0.0005595610127784312,1
189,486.0000305175781,390.0000305175781,37.20000076293945,318.67742919921875,0.0005924699944444001,1
190,430.8000183105469,426.0000305175781,37.20000076293945,85.8557357788086,0.000575132027734071,1
191,531.6000366210938,373.20001220703125,37.20000076293945,272.1160888671875,0.0005493783392012119,1
192,488.4000244140625,372.0,37.20000076293945,307.3068542480469,0.0005493257776834071,1
193,495.6000061035156,399.6000061035156,37.20000076293945,307.7444152832031,0.000595539400819689,1
194,387.6000061035156,374.4000244140625,37.20000076293945,116.09413146972656,0.0006048448267392814,1
195,373.20001220703125,382.8000183105469,37.20000076293945,131.136474609375,0.0005346232210285962,1
196,340.8000183105469,418.8000183105469,37.20000076293945,119.62542724609375,0.0005444929702207446,1
197,531.6000366210938,376.8000183105469,37.20000076293945,272.3407287597656,0.0005270758992992342,1
198,517.2000122070312,396.0000305175781,37.20000076293945,284.47735595703125,0.0005233468837104738,1
199,433.20001220703125,350.4000244140625,37.20000076293945,279.04388427734375,0.0005212468677200377,1
200,396.0000305175781,501.1200256347656,44.6400032043457,154.6079864501953,0.0009846186731010675,2
201,344.1600036621094,401.760009765625,44.6400032043457,115.03355407714844,0.0011575171956792474,2
202,370.08001708984375,401.760009765625,44.6400032043457,88.80614471435547,0.001242847298271954,2
203,410.4000244140625,401.760009765625,44.6400032043457,67.4111099243164,0.001341386465355754,2
204,408.96002197265625,404.6400146484375,44.6400032043457,84.9923324584961,0.0015743238618597388,2
205,440.6400146484375,367.20001220703125,44.6400032043457,347.51898193359375,0.0015390323242172599,2
206,434.8800048828125,408.96002197265625,44.6400032043457,93.90131378173828,0.0014265142381191254,2
207,514.0800170898438,408.96002197265625,44.6400032043457,327.7675476074219,0.0011484037386253476,2
208,514.0800170898438,411.84002685546875,44.6400032043457,318.8686828613281,0.0012778639793395996,2
209,495.3600158691406,411.84002685546875,44.6400032043457,131.8874969482422,0.0013729078928008676,2
210,434.8800048828125,406.08001708984375,44.6400032043457,101.84506225585938,0.0015422272263094783,2
211,440.6400146484375,436.32000732421875,44.6400032043457,89.09848022460938,0.0011340284254401922,2
212,358.5600280761719,394.5600280761719,44.6400032043457,108.6087646484375,0.0009742748807184398,2
213,384.4800109863281,396.0000305175781,44.6400032043457,82.62994384765625,0.0006926869391463697,2
214,450.72003173828125,396.0000305175781,44.6400032043457,21.953811645507812,0.0005854935734532773,2
215,476.6400146484375,381.6000061035156,44.6400032043457,306.4302673339844,0.0007364137563854456,2
216,473.760009765625,396.0000305175781,44.6400032043457,280.7850036621094,0.0008781602955423295,2
217,224.6400146484375,626.4000244140625,44.6400032043457,148.44287109375,0.0007333786925300956,2
218,347.0400085449219,396.0000305175781,44.6400032043457,143.7578887939453,0.000524739152751863,2
219,401.760009765625,365.760009765625,44.6400032043457,175.00381469726562,0.0005986039759591222,2
220,375.84002685546875,367.20001220703125,44.6400032043457,213.89364624023438,0.000673280970659107,2
221,437.760009765625,385.9200134277344,44.6400032043457,65.21990966796875,0.0006621768698096275,2
222,414.72003173828125,364.32000732421875,44.6400032043457,270.1741943359375,0.0006960799219086766,2
223,325.44000244140625,394.5600280761719,44.6400032043457,162.0083465576172,0.0007498852792195976,2
224,377.280029296875,364.32000732421875,44.6400032043457,226.1552276611328,0.000695727183483541,2
225,432.0000305175781,349.9200134277344,44.6400032043457,282.1351318359375,0.000533517450094223,2
226,383.0400085449219,400.32000732421875,44.6400032043457,94.97996520996094,0.0006551066762767732,2
227,516.9600219726562,375.84002685546875,44.6400032043457,290.1296081542969,0.0006316205253824592,2
228,473.760009765625,400.32000732421875,44.6400032043457,55.377525329589844,0.0008051472250372171,2
229,400.32000732421875,371.52001953125,44.6400032043457,175.63116455078125,0.0007781966123729944,2
230,372.96002197265625,388.8000183105469,44.6400032043457,108.95775604248047,0.0005481280386447906,2
231,424.8000183105469,377.280029296875,44.6400032043457,115.56864929199219,0.0007349915103986859,2
232,449.280029296875,401.760009765625,44.6400032043457,47.51596450805664,0.000702626071870327,2
233,396.0000305175781,393.1200256347656,44.6400032043457,111.7183609008789,0.0007181224646046758,2
234,443.52001953125,362.8800048828125,44.6400032043457,329.6690368652344,0.0009354980429634452,2
235,288.0,541.4400024414062,44.6400032043457,152.43243408203125,0.0006941524334251881,2
236,413.280029296875,384.4800109863281,44.6400032043457,64.47634887695312,0.0006928704096935689,2
237,336.96002197265625,390.2400207519531,44.6400032043457,141.33905029296875,0.0007063897792249918,2
238,398.8800048828125,387.3600158691406,44.6400032043457,86.17879486083984,0.0005564922466874123,2
239,505.4400329589844,404.6400146484375,44.6400032043457,0.9471732974052429,0.0006279249209910631,2
240,524.1600341796875,419.0400085449219,44.6400032043457,22.15148162841797,0.0006915036938153207,2
241,437.760009765625,390.2400207519531,44.6400032043457,69.19873809814453,0.000865242793224752,2
242,429.1200256347656,355.6800231933594,44.6400032043457,280.09234619140625,0.0005477750091813505,2
243,360.0,390.2400207519531,44.6400032043457,149.33213806152344,0.0006187036633491516,2
244,321.1200256347656,408.96002197265625,44.6400032043457,139.8243865966797,0.0009224135428667068,2
245,452.1600036621094,380.1600036621094,44.6400032043457,359.6196594238281,0.0008242649491876364,2
246,385.9200134277344,380.1600036621094,44.6400032043457,164.05923461914062,0.0006947747897356749,2
247,496.8000183105469,393.1200256347656,44.6400032043457,287.35302734375,0.0005177634884603322,2
248,460.8000183105469,406.08001708984375,44.6400032043457,106.43689727783203,0.0005075008957646787,2
249,531.3600463867188,375.84002685546875,44.6400032043457,270.633056640625,0.0004937715129926801,2
250,532.800048828125,429.1200256347656,44.6400032043457,46.88106155395508,0.0004896248574368656,2
251,452.1600036621094,375.84002685546875,44.6400032043457,345.77899169921875,0.000479509006254375,2
252,423.3600158691406,398.8800048828125,44.6400032043457,87.79883575439453,0.00047918708878569305,2
253,413.280029296875,378.7200012207031,44.6400032043457,77.79442596435547,0.0004704046586994082,2
254,561.6000366210938,465.1200256347656,44.6400032043457,255.8185577392578,0.00045303572551347315,2
255,485.280029296875,404.6400146484375,44.6400032043457,176.99984741210938,0.0004528041463345289,2
256,378.7200012207031,489.6000061035156,44.6400032043457,272.18475341796875,0.00044947341666556895,2
257,387.3600158691406,374.4000244140625,44.6400032043457,208.335693359375,0.00044825091026723385,2
258,516.9600219726562,394.5600280761719,44.6400032043457,310.38421630859375,0.00043853282113559544,2
259,349.9200134277344,383.0400085449219,44.6400032043457,153.46978759765625,0.0004373890988063067,2
260,495.3600158691406,398.8800048828125,44.6400032043457,305.5454406738281,0.0004103133687749505,2
261,430.5600280761719,424.8000183105469,44.6400032043457,99.14144897460938,0.0004046916728839278,2
262,485.280029296875,388.8000183105469,44.6400032043457,329.84130859375,0.0004046166723128408,2
263,372.96002197265625,383.0400085449219,44.6400032043457,268.99969482421875,0.0003987775417044759,2
264,362.8800048828125,375.84002685546875,44.6400032043457,165.15402221679688,0.000394590781070292,2
265,420.4800109863281,416.1600036621094,44.6400032043457,84.02323913574219,0.00039387427386827767,2
266,465.1200256347656,387.3600158691406,44.6400032043457,322.61846923828125,0.00038227628101594746,2
267,483.84002685546875,408.96002197265625,44.6400032043457,116.19889831542969,0.00038076555938459933,2
268,416.1600036621094,358.5600280761719,44.6400032043457,284.9278564453125,0.00037979576154612005,2
269,463.6800231933594,391.6800231933594,44.6400032043457,32.780643463134766,0.00037943272036500275,2
270,515.52001953125,390.2400207519531,44.6400032043457,289.6644592285156,0.00036950455978512764,2
271,472.32000732421875,413.280029296875,44.6400032043457,115.79331970214844,0.000360967154847458,2
272,390.2400207519531,358.5600280761719,44.6400032043457,220.62217712402344,0.00035498684155754745,2
273,332.6400146484375,403.20001220703125,44.6400032043457,142.6673583984375,0.00034595432225614786,2
274,266.4000244140625,616.3200073242188,44.6400032043457,32.20317840576172,0.00034502093330956995,2
275,359.4240417480469,393.9840393066406,53.5680046081543,137.52947998046875,0.0008909659809432924,3
276,224.6400146484375,625.5360717773438,53.5680046081543,148.44139099121094,0.0007432387210428715,3
277,288.5760192871094,540.8640747070312,53.5680046081543,184.0051727294922,0.0006653037271462381,3
278,343.8720397949219,400.8960266113281,53.5680046081543,132.58248901367188,0.0009247998823411763,3
279,395.7120361328125,501.12005615234375,53.5680046081543,179.6072235107422,0.00079340924276039,3
280,473.4720458984375,399.16802978515625,53.5680046081543,299.18536376953125,0.0008497228845953941,3
281,433.72802734375,407.80804443359375,53.5680046081543,82.166748046875,0.0010700668208301067,3
282,437.1840515136719,388.800048828125,53.5680046081543,67.46621704101562,0.0007833322160877287,3
283,440.6400451660156,366.3360290527344,53.5680046081543,347.50115966796875,0.0013559459475800395,3
284,387.072021484375,378.4320373535156,53.5680046081543,126.7530288696289,0.0006992921698838472,3
285,473.4720458984375,395.7120361328125,53.5680046081543,328.9051208496094,0.0007860250188969076,3
286,494.2080383300781,412.9920349121094,53.5680046081543,55.24504089355469,0.0010135421762242913,3
287,378.4320373535156,489.0240478515625,53.5680046081543,278.803955078125,0.00065682950662449,3
288,359.4240417480469,390.5280456542969,53.5680046081543,170.47830200195312,0.0008383108652196825,3
289,514.9440307617188,411.2640380859375,53.5680046081543,12.626078605651855,0.0008110826020129025,3
290,409.5360412597656,400.8960266113281,53.5680046081543,92.1474380493164,0.0007892816793173552,3
291,400.8960266113281,369.7920227050781,53.5680046081543,151.10821533203125,0.0009120629401877522,3
292,369.7920227050781,402.6240234375,53.5680046081543,61.318973541259766,0.000981016200967133,3
293,409.5360412597656,404.35205078125,53.5680046081543,103.33432006835938,0.0009307528962381184,3
294,369.7920227050781,490.7520446777344,53.5680046081543,292.8979187011719,0.0009272071183659136,3
295,440.6400451660156,435.4560546875,53.5680046081543,85.1935043334961,0.0006796746165491641,3
296,400.8960266113281,366.3360290527344,53.5680046081543,241.44158935546875,0.0006558767636306584,3
297,383.61602783203125,399.16802978515625,53.5680046081543,88.20024871826172,0.0005409689038060606,3
298,321.40802001953125,407.80804443359375,53.5680046081543,144.3642120361328,0.0005222916952334344,3
299,411.2640380859375,518.4000244140625,53.5680046081543,87.85179138183594,0.00047498036292381585,3
300,397.4400329589844,392.25604248046875,53.5680046081543,88.4593276977539,0.0006256327615119517,3
301,374.9760437011719,366.3360290527344,53.5680046081543,156.02272033691406,0.0005197371356189251,3
302,400.8960266113281,516.6720581054688,53.5680046081543,87.71074676513672,0.00037589468411169946,3
303,451.008056640625,395.7120361328125,53.5680046081543,16.850011825561523,0.00044271047227084637,3
304,451.008056640625,380.1600341796875,53.5680046081543,17.60599136352539,0.0004828133969567716,3
305,383.61602783203125,395.7120361328125,53.5680046081543,70.24795532226562,0.0005856134812347591,3
306,324.8640441894531,393.9840393066406,53.5680046081543,172.7986297607422,0.00048132031224668026,3
307,463.1040344238281,390.5280456542969,53.5680046081543,356.2961120605469,0.0003772754280362278,3
308,516.6720581054688,390.5280456542969,53.5680046081543,277.1828918457031,0.0003669660072773695,3
309,414.72003173828125,362.8800354003906,53.5680046081543,180.28680419921875,0.0005070214392617345,3
310,476.92803955078125,378.4320373535156,53.5680046081543,311.58367919921875,0.000587073212955147,3
311,516.6720581054688,393.9840393066406,53.5680046081543,264.3568115234375,0.00044141351827420294,3
312,387.072021484375,374.9760437011719,53.5680046081543,234.7608642578125,0.0004687208856921643,3
313,523.5840454101562,418.176025390625,53.5680046081543,55.572959899902344,0.00036224519135430455,3
314,565.0560302734375,478.6560363769531,53.5680046081543,27.066734313964844,0.00045452755875885487,3
315,430.27203369140625,349.0560302734375,53.5680046081543,296.191650390625,0.00036344368709251285,3
316,561.6000366210938,464.83203125,53.5680046081543,287.64825439453125,0.00037534505827352405,3
317,425.0880432128906,376.70404052734375,53.5680046081543,86.02243041992188,0.0005197140853852034,3
318,373.248046875,383.61602783203125,53.5680046081543,213.22384643554688,0.0005096488166600466,3
319,412.9920349121094,383.61602783203125,53.5680046081543,88.46836853027344,0.0005688283126801252,3
320,428.5440368652344,354.2400207519531,53.5680046081543,304.26104736328125,0.0004283743037376553,3
321,495.93603515625,393.9840393066406,53.5680046081543,310.2455749511719,0.0004591343167703599,3
322,395.7120361328125,509.7600402832031,53.5680046081543,107.4735107421875,0.0005940193077549338,3
323,459.6480407714844,407.80804443359375,53.5680046081543,99.92784881591797,0.00044632007484324276,3
324,336.96002197265625,388.800048828125,53.5680046081543,198.30404663085938,0.0004366193024907261,3
325,426.8160400390625,369.7920227050781,53.5680046081543,338.4820251464844,0.00042488847975619137,3
326,449.280029296875,400.8960266113281,53.5680046081543,80.72305297851562,0.0006223656237125397,3
327,371.5200500488281,387.072021484375,53.5680046081543,116.07244110107422,0.0004798123554792255,3
328,412.9920349121094,378.4320373535156,53.5680046081543,339.9697570800781,0.00036112655652686954,3
329,402.6240234375,350.7840270996094,53.5680046081543,284.141845703125,0.0003562690981198102,3
330,483.8400573730469,407.80804443359375,53.5680046081543,76.83353424072266,0.00035286243655718863,3
331,399.16802978515625,387.072021484375,53.5680046081543,56.000144958496094,0.000348695000866428,3
332,532.2240600585938,428.5440368652344,53.5680046081543,47.85019302368164,0.0003409309429116547,3
333,485.56805419921875,404.35205078125,53.5680046081543,348.7323913574219,0.00033972057281062007,3
334,495.93603515625,397.4400329589844,53.5680046081543,300.32745361328125,0.00033888063626363873,3
335,516.6720581054688,374.9760437011719,53.5680046081543,277.9910888671875,0.00033670695847831666,3
336,530.4960327148438,373.248046875,53.5680046081543,274.5846862792969,0.00032395520247519016,3
337,464.83203125,387.072021484375,53.5680046081543,327.2954406738281,0.0003229502763133496,3
338,396.0576477050781,501.811279296875,64.28160858154297,189.62916564941406,0.0006142489146441221,4
339,344.2176513671875,400.2048645019531,64.28160858154297,134.21121215820312,0.0004978603683412075,4
340,472.7808532714844,398.1312561035156,64.28160858154297,24.296783447265625,0.0005639727460220456,4
341,385.6896667480469,377.395263671875,64.28160858154297,194.68447875976562,0.0004901439533568919,4
342,447.8976745605469,400.2048645019531,64.28160858154297,41.26266098022461,0.00046786220627836883,4
343,369.1008605957031,402.2784423828125,64.28160858154297,106.24392700195312,0.0005283082136884332,4
344,412.6464538574219,379.4688415527344,64.28160858154297,90.65829467773438,0.0004461377684492618,4
345,452.04486083984375,379.4688415527344,64.28160858154297,337.09014892578125,0.000287022179691121,4
346,396.0576477050781,391.91046142578125,64.28160858154297,83.62236785888672,0.0004209036414977163,4
347,408.499267578125,404.35205078125,64.28160858154297,93.10295867919922,0.0004202687123324722,4
348,439.603271484375,433.3824462890625,64.28160858154297,75.66960906982422,0.0003101485490333289,4
349,437.5296630859375,387.76324462890625,64.28160858154297,30.1658878326416,0.0004232644278090447,4
350,449.97125244140625,396.0576477050781,64.28160858154297,61.64924621582031,0.0004197552043478936,4
351,561.9456787109375,464.4864501953125,64.28160858154297,310.6108093261719,0.0003074791457038373,4
352,427.1616516113281,371.1744384765625,64.28160858154297,25.631757736206055,0.00048324273666366935,4
353,398.1312561035156,387.76324462890625,64.28160858154297,102.36449432373047,0.00035483812098391354,4
354,476.9280700683594,379.4688415527344,64.28160858154297,302.227294921875,0.0003902330936398357,4
355,412.6464538574219,383.6160583496094,64.28160858154297,72.26224517822266,0.000406196981202811,4
356,377.395263671875,489.3696594238281,64.28160858154297,284.96136474609375,0.0006757390219718218,4
357,373.248046875,385.6896667480469,64.28160858154297,142.41456604003906,0.0003649239952210337,4
358,223.94883728027344,624.1536865234375,64.28160858154297,150.73838806152344,0.0005267516244202852,4
359,516.3264770507812,391.91046142578125,64.28160858154297,292.2348937988281,0.00028182993992231786,4
360,400.2048645019531,369.1008605957031,64.28160858154297,162.35263061523438,0.0006504812627099454,4
361,383.6160583496094,396.0576477050781,64.28160858154297,103.60105895996094,0.0003971564583480358,4
362,288.2304382324219,539.1360473632812,64.28160858154297,212.64083862304688,0.0005496800877153873,4
363,433.3824462890625,406.4256591796875,64.28160858154297,57.17858123779297,0.000654004979878664,4
364,358.73284912109375,393.98406982421875,64.28160858154297,146.2974853515625,0.0005497857346199453,4
365,321.4080505371094,408.499267578125,64.28160858154297,141.4521484375,0.00028383402968756855,4
366,493.5168762207031,412.6464538574219,64.28160858154297,107.22895812988281,0.0005543712759390473,4
367,429.2352600097656,352.5120544433594,64.28160858154297,315.78924560546875,0.0003981004119850695,4
368,404.35205078125,350.4384460449219,64.28160858154297,269.06005859375,0.00028105004457756877,4
369,514.2528686523438,410.5728454589844,64.28160858154297,39.54673385620117,0.0004419089527800679,4
370,425.08807373046875,375.3216552734375,64.28160858154297,35.71323013305664,0.0004824398783966899,4
371,414.7200622558594,362.88006591796875,64.28160858154297,290.094970703125,0.0003263172984588891,4
372,441.6768493652344,362.88006591796875,64.28160858154297,335.7687683105469,0.0008139493293128908,4
373,369.1008605957031,491.4432678222656,64.28160858154297,292.88092041015625,0.0006442557787522674,4
374,495.5904846191406,396.0576477050781,64.28160858154297,312.93731689453125,0.0003384609299246222,4
375,564.019287109375,476.9280700683594,64.28160858154297,14.89849853515625,0.000396074668969959,4
376,393.98406982421875,508.0320739746094,64.28160858154297,121.28416442871094,0.0005912092747166753,4
377,381.5424499511719,491.4432678222656,64.28160858154297,281.1396484375,0.0006279955268837512,4
378,412.6464538574219,518.4000854492188,64.28160858154297,81.56196594238281,0.00044398708269000053,4
379,375.3216552734375,364.9536437988281,64.28160858154297,203.2241668701172,0.0002777594781946391,4
380,464.4864501953125,387.76324462890625,64.28160858154297,320.8373107910156,0.00027294474421069026,4
381,234.31683349609375,595.123291015625,64.28160858154297,205.73492431640625,0.00025634164921939373,4
382,485.22247314453125,404.35205078125,64.28160858154297,80.97257995605469,0.00024211074924096465,4
383,325.55523681640625,393.98406982421875,64.28160858154297,158.533447265625,0.00023170089116320014,4
384,472.7808532714844,414.7200622558594,64.28160858154297,78.74203491210938,0.0002295700105605647,4
385,505.9584655761719,402.2784423828125,64.28160858154297,295.9638977050781,0.00022864322818350047,4
386,530.8416748046875,425.08807373046875,64.28160858154297,44.920963287353516,0.0002185940684285015,4
387,362.88006591796875,373.248046875,64.28160858154297,231.49745178222656,0.00021231731807347387,4
388,350.4384460449219,381.5424499511719,64.28160858154297,189.3804473876953,0.00020864371617790312,4
389,335.9232482910156,389.83685302734375,64.28160858154297,168.7616729736328,0.00020636050612665713,4
390,226.4371795654297,624.5684814453125,77.137939453125,154.10324096679688,0.0004961059894412756,5
391,475.26922607421875,398.13128662109375,77.137939453125,355.80401611328125,0.00033196003641933203,5
392,477.757568359375,378.2247314453125,77.137939453125,314.55841064453125,0.00023042043903842568,5
393,450.3860168457031,398.13128662109375,77.137939453125,60.71500015258789,0.0002704479265958071,5
394,286.1568603515625,569.825439453125,77.137939453125,225.88816833496094,0.00022765941685065627,5
395,400.61962890625,368.2714538574219,77.137939453125,280.3098449707031,0.000417406641645357,5
396,552.4071655273438,470.2926025390625,77.137939453125,305.3074035644531,0.00031135487370193005,5
397,388.1780090332031,378.2247314453125,77.137939453125,114.9623794555664,0.00027927395422011614,5
398,360.8064880371094,390.66632080078125,77.137939453125,136.23333740234375,0.00034392389352433383,5
399,515.0823364257812,410.5729064941406,77.137939453125,22.463008880615234,0.0003053869877476245,5
400,564.8487548828125,477.757568359375,77.137939453125,6.889503479003906,0.0003724673588294536,5
401,497.66412353515625,395.6429748535156,77.137939453125,292.50543212890625,0.00019511583377607167,5
402,465.3159484863281,388.1780090332031,77.137939453125,348.8087158203125,0.00022016791626811028,5
403,383.2013854980469,500.1524353027344,77.137939453125,273.7082214355469,0.0003512239782139659,5
404,378.2247314453125,507.6174011230469,77.137939453125,103.15933227539062,0.0004016126913484186,5
405,437.9444274902344,388.1780090332031,77.137939453125,47.3978385925293,0.00022937756148166955,5
406,393.1546630859375,510.105712890625,77.137939453125,100.56256866455078,0.000691081746481359,5
407,505.12908935546875,405.59625244140625,77.137939453125,332.05621337890625,0.00025796573027037084,5
408,413.06121826171875,383.2013854980469,77.137939453125,91.71929931640625,0.0003155990852974355,5
409,582.2670288085938,447.897705078125,77.137939453125,90.1865234375,0.00030081529985181987,5
410,425.5028076171875,373.2480773925781,77.137939453125,348.3166198730469,0.0004969488363713026,5
411,495.1758117675781,413.06121826171875,77.137939453125,75.48490905761719,0.0002894728968385607,5
412,345.8765563964844,400.61962890625,77.137939453125,137.57406616210938,0.00022126473777461797,5
413,288.64520263671875,539.965576171875,77.137939453125,222.08639526367188,0.00047078830539248884,5
414,398.13128662109375,390.66632080078125,77.137939453125,88.24685668945312,0.00021446777100209147,5
415,398.13128662109375,505.12908935546875,77.137939453125,157.38818359375,0.000700311386026442,5
416,370.759765625,403.1079406738281,77.137939453125,102.47640991210938,0.00026582914870232344,5
417,370.759765625,492.6874694824219,77.137939453125,292.61029052734375,0.0006339701940305531,5
418,435.45611572265625,408.0845642089844,77.137939453125,76.0856704711914,0.00025614016340114176,5
419,440.4327392578125,365.7831115722656,77.137939453125,323.3028259277344,0.0005020357202738523,5
420,415.5495300292969,363.2947998046875,77.137939453125,292.5900573730469,0.000258126063272357,5
421,405.59625244140625,350.85321044921875,77.137939453125,272.65966796875,0.00019469689868856221,5
422,373.2480773925781,385.689697265625,77.137939453125,110.50601196289062,0.0001898292248370126,5
423,226.4371795654297,582.2670288085938,77.137939453125,208.9068603515625,0.00018946683849208057,5
424,452.8743591308594,378.2247314453125,77.137939453125,344.65728759765625,0.00018768399604596198,5
425,517.5706787109375,393.1546630859375,77.137939453125,290.58197021484375,0.00018571045075077564,5
426,375.7364196777344,365.7831115722656,77.137939453125,221.9423370361328,0.00018252267909701914,5
427,383.2013854980469,398.13128662109375,77.137939453125,89.06539154052734,0.00017608958296477795,5
428,410.5729064941406,403.1079406738281,77.137939453125,86.12364959716797,0.00016997008060570806,5
429,363.2947998046875,373.2480773925781,77.137939453125,176.7112274169922,0.0001695380633464083,5
430,485.2225036621094,405.59625244140625,77.137939453125,48.014862060546875,0.00016765881446190178,5
431,338.4115905761719,388.1780090332031,77.137939453125,163.11740112304688,0.00016637954104226083,5
432,350.85321044921875,380.7130432128906,77.137939453125,174.9453125,0.00016335223335772753,5
433,325.9700012207031,393.1546630859375,77.137939453125,161.16790771484375,0.00015682779485359788,5
434,289.6405334472656,540.4632568359375,92.5655288696289,222.8136749267578,0.0003637816698756069,6
435,391.16400146484375,238.8787841796875,92.5655288696289,113.44422912597656,0.0002710108528845012,6
436,367.276123046875,501.64544677734375,92.5655288696289,232.57705688476562,0.00028241955442354083,6
437,412.06591796875,516.5753784179688,92.5655288696289,76.70561981201172,0.000509685545694083,6
438,412.06591796875,382.2060546875,92.5655288696289,80.65193176269531,0.00027735676849260926,6
439,441.9257507324219,364.2901611328125,92.5655288696289,327.22314453125,0.000322176783811301,6
440,385.1920471191406,376.23406982421875,92.5655288696289,146.07705688476562,0.00019394348782952875,6
441,370.2621154785156,403.1079406738281,92.5655288696289,108.72319793701172,0.00020634908287320286,6
442,400.1219482421875,367.276123046875,92.5655288696289,228.64443969726562,0.00025225174613296986,6
443,358.31817626953125,391.16400146484375,92.5655288696289,137.23997497558594,0.00021728088904637843,6
444,415.0518798828125,361.3041687011719,92.5655288696289,306.29766845703125,0.00022044342767912894,6
445,415.0518798828125,525.5333251953125,92.5655288696289,73.92276763916016,0.0004921920481137931,6
446,579.2810668945312,435.95379638671875,92.5655288696289,118.97749328613281,0.0007425739895552397,6
447,564.3511352539062,474.7715759277344,92.5655288696289,4.8092265129089355,0.00033481631544418633,6
448,223.9488525390625,624.07080078125,92.5655288696289,209.1259307861328,0.0002832541358657181,6
449,552.4071655273438,468.79962158203125,92.5655288696289,330.5034484863281,0.00031617851345799863,6
450,397.135986328125,504.6314392089844,92.5655288696289,357.6548156738281,0.000644523766823113,6
451,471.78558349609375,397.135986328125,92.5655288696289,354.52392578125,0.0002163627214031294,6
452,426.9958190917969,373.24810791015625,92.5655288696289,353.21783447265625,0.0003263179969508201,6
453,382.2060546875,495.6734619140625,92.5655288696289,273.73138427734375,0.0007072917651385069,6
454,370.2621154785156,492.6875,92.5655288696289,278.5992431640625,0.0005653681000694633,6
455,483.72955322265625,406.09393310546875,92.5655288696289,48.2643928527832,0.00018340077076572925,6
456,582.2670288085938,447.897705078125,92.5655288696289,86.11383056640625,0.0004321541346143931,6
457,391.16400146484375,510.6033935546875,92.5655288696289,74.1841049194336,0.0006717271753586829,6
458,283.6685485839844,570.3231201171875,92.5655288696289,227.52261352539062,0.0001824314967961982,6
459,397.135986328125,391.16400146484375,92.5655288696289,98.96569061279297,0.00017729635874275118,6
460,671.8465576171875,352.34619140625,92.5655288696289,287.7169189453125,0.0001731118536554277,6
461,373.24810791015625,385.1920471191406,92.5655288696289,137.65689086914062,0.00017238219152204692,6
462,382.2060546875,397.135986328125,92.5655288696289,103.71297454833984,0.00016816931020002812,6
463,337.4162902832031,388.17803955078125,92.5655288696289,156.79931640625,0.00016449802205897868,6
464,447.897705078125,397.135986328125,92.5655288696289,43.526912689208984,0.00016007058729883283,6
465,429.9818115234375,352.34619140625,92.5655288696289,313.8838806152344,0.0001555010094307363,6
466,113.46742248535156,576.2950439453125,92.5655288696289,319.64532470703125,0.00015135698777157813,6
467,346.3742370605469,397.135986328125,92.5655288696289,136.31997680664062,0.00014816892507951707,6
468,483.72955322265625,385.1920471191406,92.5655288696289,305.97161865234375,0.00014787589316256344,6
469,361.3041687011719,373.24810791015625,92.5655288696289,178.30177307128906,0.00014634281978942454,6
470,573.30908203125,605.5577392578125,111.0786361694336,126.32095336914062,0.00029333640122786164,7
471,379.8172912597656,494.4790954589844,111.0786361694336,273.2186279296875,0.0006228137644939125,7
472,580.4754638671875,433.56500244140625,111.0786361694336,110.79088592529297,0.0010166548890993,7
473,386.983642578125,508.81182861328125,111.0786361694336,42.67823028564453,0.0005303174257278442,7
474,369.0677185058594,494.4790954589844,111.0786361694336,264.9249267578125,0.0003541972837410867,7
475,576.8922729492188,322.4863586425781,111.0786361694336,196.36212158203125,0.0004557181673590094,7
476,365.48455810546875,211.40773010253906,111.0786361694336,94.12518310546875,0.00028392564854584634,7
477,358.31817626953125,211.40773010253906,111.0786361694336,90.21672821044922,0.0004262757720425725,7
478,390.56683349609375,236.49000549316406,111.0786361694336,106.11747741699219,0.0003579507756512612,7
479,584.0586547851562,447.8977355957031,111.0786361694336,84.09770965576172,0.0006097707664594054,7
480,250.82272338867188,422.8154602050781,111.0786361694336,252.3570556640625,0.0004077021440025419,7
481,415.64910888671875,515.9782104492188,111.0786361694336,71.49699401855469,0.0004716960829682648,7
482,415.64910888671875,526.7277221679688,111.0786361694336,71.65032958984375,0.00046588919940404594,7
483,580.4754638671875,329.6527404785156,111.0786361694336,203.12347412109375,0.0005191497621126473,7
484,551.8099975585938,469.3968200683594,111.0786361694336,353.20111083984375,0.000295199453830719,7
485,397.7331848144531,505.2286376953125,111.0786361694336,20.185152053833008,0.0005113878287374973,7
486,290.23773193359375,537.477294921875,111.0786361694336,200.5006103515625,0.0002749254636000842,7
487,225.74046325683594,623.4736328125,111.0786361694336,256.820556640625,0.00026738987071439624,7
488,422.8154602050781,372.6509094238281,111.0786361694336,340.4144287109375,0.0002517922839615494,7
489,412.06591796875,379.8172912597656,111.0786361694336,29.878131866455078,0.00022062698553781956,7
490,250.82272338867188,415.64910888671875,111.0786361694336,256.0264892578125,0.00020335798035375774,7
491,268.7386474609375,347.5686340332031,111.0786361694336,121.88873291015625,0.0001826484513003379,7
492,440.7313537597656,361.9013671875,111.0786361694336,324.33135986328125,0.00017317678430117667,7
493,401.3163757324219,365.48455810546875,111.0786361694336,292.009765625,0.0001721980224829167,7
494,462.23046875,236.49000549316406,111.0786361694336,76.76869201660156,0.0001619724789634347,7
495,229.32363891601562,576.8922729492188,111.0786361694336,218.94505310058594,0.00014890162856318057,7
496,386.983642578125,376.2341003417969,111.0786361694336,154.6394805908203,0.00014785888197366148,7
497,397.7331848144531,390.56683349609375,111.0786361694336,95.04147338867188,0.00013907483662478626,7
498,358.31817626953125,390.56683349609375,111.0786361694336,138.8458251953125,0.00013244843285065144,7
499,383.40045166015625,394.1499938964844,111.0786361694336,111.2135009765625,0.00011464473936939612,7
500,429.9818115234375,351.1518249511719,111.0786361694336,315.04376220703125,0.00010689735790947452,7
